Workbook

Sheet Operarios enero 2026
A1: Nombre | B1: Departamento | C1: Check | D1: Turno | E1: Linea
A2: Luis Moreno Arenas | B2: Producción | C2: =IF(COUNTBLANK((F2:BH2))=54,"Check",IF(COUNTBLANK(D2:BH2)=57,"Falta pedir","Ok")) -> Ok | D2: T2 | E2: BOX1
A3: Luis Bellon Hernandez | B3: Producción | C3: =IF(COUNTBLANK((F3:BH3))=54,"Check",IF(COUNTBLANK(D3:BH3)=57,"Falta pedir","Ok")) -> Ok | D3: T2 | E3: BOX1
A4: Marcos Monroy Prieto | B4: Producción | C4: =IF(COUNTBLANK((F4:BH4))=54,"Check",IF(COUNTBLANK(D4:BH4)=57,"Falta pedir","Ok")) -> Ok | D4: T2 | E4: BOX1
A5: SÁNCHEZ TORREJÓN, AARÓN | B5: Producción | C5: OK | D5: T2 | E5: BOX1
A6: PINTO, FÉLIX | B6: Producción | D6: T2 | E6: BOX1
A7: Miguel Torrejon Hernandez | B7: Producción - Mecanizado | C7: =IF(COUNTBLANK((F7:BH7))=54,"Check",IF(COUNTBLANK(D7:BH7)=57,"Falta pedir","Ok")) -> Ok | D7: S01 | E7: GOYO
A8: Alejandro Perez Ruiz | B8: Producción - Mecanizado | C8: =IF(COUNTBLANK((F8:BH8))=54,"Check",IF(COUNTBLANK(D8:BH8)=57,"Falta pedir","Ok")) -> Ok | D8: S01 | E8: GOYO
A9: Antonio Navarro Corral | B9: Producción - Mecanizado | C9: =IF(COUNTBLANK((F9:BH9))=54,"Check",IF(COUNTBLANK(D9:BH9)=57,"Falta pedir","Ok")) -> Ok | D9: S01 | E9: GOYO
A10: Daniel Donas Rodriguez | B10: Producción - Mecanizado | C10: =IF(COUNTBLANK((F10:BH10))=54,"Check",IF(COUNTBLANK(D10:BH10)=57,"Falta pedir","Ok")) -> Ok | D10: S01 | E10: GOYO
A11: Gonzalo Gonzalez De La Fuente | B11: Producción - Mecanizado | C11: =IF(COUNTBLANK((F11:BH11))=54,"Check",IF(COUNTBLANK(D11:BH11)=57,"Falta pedir","Ok")) -> Ok | D11: S01 | E11: GOYO
A12: Ivan Ramos Juarez | B12: Producción - Mecanizado | C12: =IF(COUNTBLANK((F12:BH12))=54,"Check",IF(COUNTBLANK(D12:BH12)=57,"Falta pedir","Ok")) -> Ok | D12: S01 | E12: GOYO
A13: Oliver Garcia Sanchez | B13: Producción - Mecanizado | C13: =IF(COUNTBLANK((F13:BH13))=54,"Check",IF(COUNTBLANK(D13:BH13)=57,"Falta pedir","Ok")) -> Ok | D13: S01 | E13: GOYO
A14: Pablo Villayandre Esteban | B14: Producción - Mecanizado | C14: =IF(COUNTBLANK((F14:BH14))=54,"Check",IF(COUNTBLANK(D14:BH14)=57,"Falta pedir","Ok")) -> Ok | D14: S01 | E14: GOYO
A15: Alberto Moreno Gonzalez | B15: Producción - Mecanizado | C15: =IF(COUNTBLANK((F15:BH15))=54,"Check",IF(COUNTBLANK(D15:BH15)=57,"Falta pedir","Ok")) -> Ok | D15: S01 | E15: GOYO
A16: Antonio Luque Pulido | B16: Producción - Mecanizado | C16: =IF(COUNTBLANK((F16:BH16))=54,"Check",IF(COUNTBLANK(D16:BH16)=57,"Falta pedir","Ok")) -> Ok | D16: S01 | E16: GOYO
A17: Bernardo Gonzalez Parra | B17: Producción - Mecanizado | C17: =IF(COUNTBLANK((F17:BH17))=54,"Check",IF(COUNTBLANK(D17:BH17)=57,"Falta pedir","Ok")) -> Ok | D17: S01 | E17: GOYO
A18: Carlos Vazquez Perez | B18: Producción - Mecanizado | C18: =IF(COUNTBLANK((F18:BH18))=54,"Check",IF(COUNTBLANK(D18:BH18)=57,"Falta pedir","Ok")) -> Ok | D18: S01 | E18: GOYO
... A32: Ronny Cuevo Torrez | B32: Producción - Mecanizado | C32: =IF(COUNTBLANK((F32:BH32))=54,"Check",IF(COUNTBLANK(D32:BH32)=57,"Falta pedir","Ok")) -> Ok | D32: S01 | E32: GOYO
A33: Jessica Cespedes Rosales | B33: Producción - Mecanizado - Excedencia | C33: =IF(COUNTBLANK((#REF!))=54,"Check",IF(COUNTBLANK(#REF!)=57,"Falta pedir","Ok")) -> #REF! | D33: S01 | E33: GOYO
A34: Alberto Rodriguez Rodriguez | B34: Producción | C34: OK | D34: T1 | E34: L1
A35: Angel Pascual Higueras | B35: Producción | C35: =IF(COUNTBLANK((G35:BJ35))=54,"Check",IF(COUNTBLANK(D35:BJ35)=57,"Falta pedir","Ok")) -> Falta pedir | D35: T1 | E35: L1
A36: David Fernandez Marina (COMITE) | B36: Producción | C36: =IF(COUNTBLANK((G36:BJ36))=54,"Check",IF(COUNTBLANK(D36:BJ36)=57,"Falta pedir","Ok")) -> Falta pedir | D36: T1 | E36: L1
A37: José Antonio Pichardo Espina | B37: Producción | C37: OK | D37: T1 | E37: L1
A38: Juan Mauricio Vicente Martin | B38: Producción | C38: OK | D38: T1 | E38: L1
A39: JERMAIN MANUEL OPORTE CALDERON, | B39: Producción | C39: ETT | D39: T1 | E39: L1
A40: RICARDO PRIETO GRANADOS, | B40: Producción | C40: ETT | D40: T1 | E40: L1
A41: Rafael Baños | B41: Producción | C41: OK | D41: T1 | E41: L1
A42: Samuel Dorado Ubeda | B42: Producción | C42: OK | D42: T1 | E42: L1
A43: Adrian Garcia Gutierrez | B43: Producción - Electricidad | C43: OK | D43: T1 | E43: L1
A44: Alexis Jesus Real Hernandez | B44: Producción - Electricidad | C44: OK | D44: T1 | E44: L1
A45: Fernando Jimenez Lopez | B45: Producción - Electricidad | C45: OK | D45: T1 | E45: L1
A46: Francisco Javier Ruiz Garcia | B46: Producción - Electricidad | C46: OK | D46: T1 | E46: L1
A47: Jose Luis Rodriguez Jarillo | B47: Producción - Electricidad | C47: OK | D47: T1 | E47: L1
A48: Rodrigo Da Silva Medeisos | B48: Producción - Electricidad | C48: OK | D48: T1 | E48: L1
A49: Cristian Gomez Marin | B49: Producción/baja | C49: BAJA | D49: T1 | E49: L1
A50: Miguel Angel Conejo Garcia | B50: Producción | C50: =IF(COUNTBLANK((F50:BH50))=54,"Check",IF(COUNTBLANK(D50:BH50)=57,"Falta pedir","Ok")) -> Ok | D50: T2 | E50: L1
A51: Victor Manuel Gallego Prieto | B51: Producción | C51: =IF(COUNTBLANK((F51:BH51))=54,"Check",IF(COUNTBLANK(D51:BH51)=57,"Falta pedir","Ok")) -> Ok | D51: T2 | E51: L1
A52: Angel Blazquez Fernandez | B52: Producción | C52: =IF(COUNTBLANK((F52:BH52))=54,"Check",IF(COUNTBLANK(D52:BH52)=57,"Falta pedir","Ok")) -> Ok | D52: T2 | E52: L1
A53: Antonio de Pablo | B53: Producción | C53: =IF(COUNTBLANK((F53:BH53))=54,"Check",IF(COUNTBLANK(D53:BH53)=57,"Falta pedir","Ok")) -> Ok | D53: T2 | E53: L1
A54: Francisco Javier Abad García | B54: Producción | C54: =IF(COUNTBLANK((F54:BH54))=54,"Check",IF(COUNTBLANK(D54:BH54)=57,"Falta pedir","Ok")) -> Ok | D54: T2 | E54: L1
A55: Diego Antonio Panasiti | B55: Producción | C55: =IF(COUNTBLANK((F55:BH55))=54,"Check",IF(COUNTBLANK(D55:BH55)=57,"Falta pedir","Ok")) -> Ok | D55: T2 | E55: L1
A56: HERNAN ALEJANDRO VARE LA RIVA | B56: Producción | C56: ETT | D56: T2 | E56: L1
A57: ENRIQUE ALISTE DIAZ, | B57: Producción | C57: ETT | D57: T2 | E57: L1
A58: ARANZAZU VAZQUEZ TORREJON, | B58: Producción | C58: ETT | D58: T2 | E58: L1
A59: Francisco Luque Villoldo | B59: Producción - Electricidad | C59: =IF(COUNTBLANK((F59:BH59))=54,"Check",IF(COUNTBLANK(D59:BH59)=57,"Falta pedir","Ok")) -> Ok | D59: T2 | E59: L1
A60: Lourdes Rodriguez-Palancas Ramirez | B60: Producción - Electricidad | C60: =IF(COUNTBLANK((F60:BH60))=54,"Check",IF(COUNTBLANK(D60:BH60)=57,"Falta pedir","Ok")) -> Ok | D60: T2 | E60: L1
A61: Raul Olmo Bastante | B61: Producción - Electricidad | C61: =IF(COUNTBLANK((F61:BH61))=54,"Check",IF(COUNTBLANK(D61:BH61)=57,"Falta pedir","Ok")) -> Ok | D61: T2 | E61: L1
A62: ISMAEL JOSE CHAVES LEMETRE, | B62: Producción - Electricidad | C62: ETT | D62: T2 | E62: L1
A63: Carlos García | B63: Producción | C63: OK | D63: T1 | E63: L2
A64: DENIS RAZVAN DINU POP, | B64: Producción | C64: ETT | D64: T1 | E64: L2
A65: Juan Felix Saez Vara | B65: Producción | C65: OK | D65: T1 | E65: L2
A66: Maria Jesus Perales Cervera | B66: Producción | C66: OK | D66: T1 | E66: L2
A67: Moises Rodriguez Del Barrio | B67: Producción | C67: TEST | D67: T1 | E67: L2
A68: Blanca Amelia Marques Jabato | B68: Producción - Electricidad | C68: =IF(COUNTBLANK((G68:BJ68))=54,"Check",IF(COUNTBLANK(D68:BJ68)=57,"Falta pedir","Ok")) -> Falta pedir | D68: T1 | E68: L2
A69: David Martin | B69: Producción - Electricidad | C69: OK | D69: T1 | E69: L2
A70: DAVID HERNANDEZ LOPEZ-BALTASAR, | B70: Producción - Electricidad | C70: David | D70: T1 | E70: L2
A71: Luis Enrique Guanilo Esqueche | B71: Producción - Electricidad | C71: =IF(COUNTBLANK((G71:BJ71))=54,"Check",IF(COUNTBLANK(D71:BJ71)=57,"Falta pedir","Ok")) -> Falta pedir | D71: T1 | E71: L2
A72: Valentin Nieto Trujillo | B72: Producción - Electricidad | C72: =IF(COUNTBLANK((G72:BJ72))=54,"Check",IF(COUNTBLANK(D72:BJ72)=57,"Falta pedir","Ok")) -> Falta pedir | D72: T1 | E72: L2
A73: Victor Manuel Moreno Cruz | B73: Producción - Electricidad | C73: =IF(COUNTBLANK((G73:BJ73))=54,"Check",IF(COUNTBLANK(D73:BJ73)=57,"Falta pedir","Ok")) -> Falta pedir | D73: T1 | E73: L2
A74: Rosa María Palacios Haro | B74: Producción/baja | C74: BAJA | D74: T1 | E74: L2
A75: Alberto Fernandez Marina | B75: Producción | C75: =IF(COUNTBLANK((F75:BH75))=54,"Check",IF(COUNTBLANK(D75:BH75)=57,"Falta pedir","Ok")) -> Ok | D75: T2 | E75: L2
A76: Angel Luis Guerrero Pantoja | B76: Producción | C76: =IF(COUNTBLANK((F76:BH76))=54,"Check",IF(COUNTBLANK(D76:BH76)=57,"Falta pedir","Ok")) -> Ok | D76: T2 | E76: L2
A77: Ismael Lozano Torrejón | B77: Producción | C77: =IF(COUNTBLANK((F77:BH77))=54,"Check",IF(COUNTBLANK(D77:BH77)=57,"Falta pedir","Ok")) -> Ok | D77: T2 | E77: L2
A78: Samuel Cordon Moreno | B78: Producción | C78: =IF(COUNTBLANK((F78:BH78))=54,"Check",IF(COUNTBLANK(D78:BH78)=57,"Falta pedir","Ok")) -> Ok | D78: T2 | E78: L2
A79: Sergio Garcia | B79: Producción | C79: =IF(COUNTBLANK((F79:BH79))=54,"Check",IF(COUNTBLANK(D79:BH79)=57,"Falta pedir","Ok")) -> Ok | D79: T2 | E79: L2
A80: Sergio Lobon Perales | B80: Producción | C80: =IF(COUNTBLANK((F80:BH80))=54,"Check",IF(COUNTBLANK(D80:BH80)=57,"Falta pedir","Ok")) -> Ok | D80: T2 | E80: L2
A81: Veselin Bintov Yonchev | B81: Producción | C81: =IF(COUNTBLANK((F81:BH81))=54,"Check",IF(COUNTBLANK(D81:BH81)=57,"Falta pedir","Ok")) -> Ok | D81: T2 | E81: L2
A82: DANIEL ASENSIO LUENGO, | B82: Producción | C82: =IF(COUNTBLANK((F82:BH82))=54,"Check",IF(COUNTBLANK(D82:BH82)=57,"Falta pedir","Ok")) -> Ok | D82: T2 | E82: L2
A83: PEDRO FERNANDEZ LAGARTERA | B83: Producción | C83: =IF(COUNTBLANK((F83:BH83))=54,"Check",IF(COUNTBLANK(D83:BH83)=57,"Falta pedir","Ok")) -> Ok | D83: T2 | E83: L2
A84: MARTIN GARCIA SILGADO, | B84: Producción | C84: =IF(COUNTBLANK((F84:BH84))=54,"Check",IF(COUNTBLANK(D84:BH84)=57,"Falta pedir","Ok")) -> Ok | D84: T2 | E84: L2
A85: CHRISTIAN GÓMEZ VICOU, | B85: Producción | C85: =IF(COUNTBLANK((F85:BH85))=54,"Check",IF(COUNTBLANK(D85:BH85)=57,"Falta pedir","Ok")) -> Ok | D85: T2 | E85: L2
A86: CATALINA LOARCE, CESAR | B86: Producción - Electricidad | C86: Juan Antonio | D86: T2 | E86: L2
A87: MARIO LOPEZ DE LA FUENTE DOMINGUEZ | B87: Producción - Electricidad | C87: Juan Antonio | D87: T2 | E87: L2
A88: Juan Antonio Torrejón | B88: Producción - Electricidad | C88: =IF(COUNTBLANK((F88:BH88))=54,"Check",IF(COUNTBLANK(D88:BH88)=57,"Falta pedir","Ok")) -> Ok | D88: T2 | E88: L2
A89: Raul Hernando Gonzalez | B89: Producción - Electricidad | C89: =IF(COUNTBLANK((F89:BH89))=54,"Check",IF(COUNTBLANK(D89:BH89)=57,"Falta pedir","Ok")) -> Ok | D89: T2 | E89: L2
A90: Cesar Antonio Aparicio Leon | B90: Producción | C90: =IF(COUNTBLANK((G90:BJ90))=54,"Check",IF(COUNTBLANK(D90:BJ90)=57,"Falta pedir","Ok")) -> Falta pedir | D90: T1 | E90: L3
A91: Ivan Sanchez Carmena | B91: Producción | C91: =IF(COUNTBLANK((G91:BJ91))=54,"Check",IF(COUNTBLANK(D91:BJ91)=57,"Falta pedir","Ok")) -> Falta pedir | D91: T1 | E91: L3
A92: Javier Blanco | B92: Producción | C92: =IF(COUNTBLANK((G92:BJ92))=54,"Check",IF(COUNTBLANK(D92:BJ92)=57,"Falta pedir","Ok")) -> Falta pedir | D92: T1 | E92: L3
A93: Mateo Jimenez Jurado | B93: Producción | C93: =IF(COUNTBLANK((G93:BJ93))=54,"Check",IF(COUNTBLANK(D93:BJ93)=57,"Falta pedir","Ok")) -> Falta pedir | D93: T1 | E93: L3
A94: Raul Puebla Espinosa | B94: Producción | C94: =IF(COUNTBLANK((G94:BJ94))=54,"Check",IF(COUNTBLANK(D94:BJ94)=57,"Falta pedir","Ok")) -> Falta pedir | D94: T1 | E94: L3
A95: DANIEL CERRADA CANALES, | B95: Producción | C95: Javier | D95: T1 | E95: L3
A96: ANGEL DE LLAMES RODRÍGUEZ | B96: Producción | C96: Javier | D96: T1 | E96: L3
A97: RAÚL MELCHOR FERNÁNDEZ, | B97: Producción | C97: Javier | D97: T1 | E97: L3
A98: FRANCISCO JAVIER RODRIGUEZ REYES, | B98: Producción | C98: Javier | D98: T1 | E98: L3
A99: Christian Juanes Cardona | B99: Producción - Electricidad | C99: =IF(COUNTBLANK((G99:BJ99))=54,"Check",IF(COUNTBLANK(D99:BJ99)=57,"Falta pedir","Ok")) -> Falta pedir | D99: T1 | E99: L3
A100: Cristian Rodriguez Jimenez | B100: Producción - Electricidad | C100: =IF(COUNTBLANK((G100:BJ100))=54,"Check",IF(COUNTBLANK(D100:BJ100)=57,"Falta pedir","Ok")) -> Falta pedir | D100: T1 | E100: L3
A101: Daniel Barroso De Roa | B101: Producción - Electricidad | C101: =IF(COUNTBLANK((G101:BJ101))=54,"Check",IF(COUNTBLANK(D101:BJ101)=57,"Falta pedir","Ok")) -> Falta pedir | D101: T1 | E101: L3
A102: Alberto Hernandez Bargueño | B102: Producción - Electricidad | C102: BAJA | D102: T1 | E102: L3
A103: Raul Valentin Cerdeño | B103: Producción EXCEDENCIA | C103: =IF(COUNTBLANK((G103:BJ103))=54,"Check",IF(COUNTBLANK(D103:BJ103)=57,"Falta pedir","Ok")) -> Falta pedir | D103: T1 | E103: L3
A104: Jorge Villarreal Mateo | B104: Producción/baja | C104: BAJA | D104: T1 | E104: L3
A105: Ivan Ferrer Fernandez | B105: Producción | C105: =IF(COUNTBLANK((F105:BH105))=54,"Check",IF(COUNTBLANK(D105:BH105)=57,"Falta pedir","Ok")) -> Ok | D105: T2 | E105: L3
A106: Jorge Garcia Crespo | B106: Producción | C106: =IF(COUNTBLANK((F106:BH106))=54,"Check",IF(COUNTBLANK(D106:BH106)=57,"Falta pedir","Ok")) -> Ok | D106: T2 | E106: L3
A107: Ricardo Nuñez Caballero | B107: Producción | C107: =IF(COUNTBLANK((F107:BH107))=54,"Check",IF(COUNTBLANK(D107:BH107)=57,"Falta pedir","Ok")) -> Ok | D107: T2 | E107: L3
A108: Sonia Lopez Montero Moreno | B108: Producción | C108: =IF(COUNTBLANK((F108:BH108))=54,"Check",IF(COUNTBLANK(D108:BH108)=57,"Falta pedir","Ok")) -> Ok | D108: T2 | E108: L3
A109: Alvaro Corpas Ramiro | B109: Producción | C109: =IF(COUNTBLANK((F109:BH109))=54,"Check",IF(COUNTBLANK(D109:BH109)=57,"Falta pedir","Ok")) -> Ok | D109: T2 | E109: L3
A110: Jesus Javier Rodriguez Orduñez | B110: Producción | C110: =IF(COUNTBLANK((F110:BH110))=54,"Check",IF(COUNTBLANK(D110:BH110)=57,"Falta pedir","Ok")) -> Ok | D110: T2 | E110: L3
A111: Andres Felipe Castaño García | B111: Producción | C111: =IF(COUNTBLANK((F111:BH111))=54,"Check",IF(COUNTBLANK(D111:BH111)=57,"Falta pedir","Ok")) -> Ok | D111: T2 | E111: L3
A112: ADRIAN DE PABLO LEAL, | B112: Producción | C112: Jorge | D112: T2 | E112: L3
A113: MARCELO MORILLO | B113: Producción | C113: Jorge | D113: T2 | E113: L3
...

Sheet Dashboard
A1: DASHBOARD — OPERARIOS POR LÍNEA | T1: Observaciones
A3: Tabla resumen de conteos por línea y categoría | T3: Línea 2
A4: Métrica | B4: Línea 1 | C4: Línea 2 | D4: Línea 3 | E4: Línea 4 | F4: Línea 5 | G4: Suma operarios | I4: Cuadros | K4: Necesidad en cuadros | L4: 2659 | M4: ITT PHASE 2
A5: Elec T1 | B5: ='Linea 1'!A2 -> 4 | C5: ='Linea 2'!A2 -> 3 | D5: ='Linea 3'!A2 -> 6 | E5: ='Linea 4'!A2 -> 2 | F5: ='Linea 5'!A2 -> 5 | G5: =SUM(B5:F5) -> 20 | H5: Elec T1 | I5: =Cuadros!K2 -> 8 | K5: Horas negativas | L5: =L4-I12 -> 409 | M5: NRT096 EAF PHASE 2
A6: Elec T2 | B6: ='Linea 1'!C2 -> 5 | C6: ='Linea 2'!C2 -> 4 | D6: ='Linea 3'!C2 -> 5 | E6: ='Linea 4'!C2 -> 3 | F6: ='Linea 5'!C2 -> 3 | G6: =SUM(B6:F6) -> 20 | H6: Elec T2 | I6: =Cuadros!K3 -> 7 | M6: KLON3 KAO
A7: Prod T1 | B7: ='Linea 1'!D2 -> 6 | C7: ='Linea 2'!D2 -> 9 | D7: ='Linea 3'!D2 -> 7 | E7: ='Linea 4'!D2 -> 4 | F7: ='Linea 5'!D2 -> 8 | G7: =SUM(B7:F7) -> 34 | H7: Elec T3 | I7: =Cuadros!K4 -> 0 | M7: Project Stack IT DC2
A8: Prod T2 | B8: ='Linea 1'!E2 -> 9 | C8: ='Linea 2'!E2 -> 9 | D8: ='Linea 3'!E2 -> 7 | E8: ='Linea 4'!E2 -> 5 | F8: 6 | G8: =SUM(B8:F8) -> 36 | M8: NRT096 EAF PHASE 2
B9: =SUM(B5:B8) -> 24 | C9: =SUM(C5:C8) -> 25 | D9: =SUM(D5:D8) -> 25 | E9: =SUM(E5:E8) -> 14 | F9: =SUM(F5:F8) -> 22 | I9: =SUM(I5:I8) -> 15
A10: Horas turno | B10: =B9*7.5 -> 180 | C10: =C9*7.5 -> 187.5 | D10: =D9*7.5 -> 187.5 | E10: =E9*7.5 -> 105 | F10: =F9*7.5 -> 165 | G10: =SUM(B10:F10) -> 825 | I10: =I9*7.5 -> 112.5 | J10: Dia
A11: Horas semana | B11: =5*B10 -> 900 | C11: =5*C10 -> 937.5 | D11: =5*D10 -> 937.5 | E11: =5*E10 -> 525 | F11: =5*F10 -> 825 | G11: =SUM(B11:F11) -> 4125 | I11: =5*I10 -> 562.5 | J11: Semana
A12: Horas mes | B12: =4*B11 -> 3600 | C12: =4*C11 -> 3750 | D12: =4*D11 -> 3750 | E12: =4*E11 -> 2100 | F12: =4*F11 -> 3300 | G12: =SUM(B12:F12) -> 16500 | I12: =4*I11 -> 2250 | J12: Mes
A13: Horas Elec. dia | B13: =B5+B6*7.55 -> 41.75 | C13: =C5+C6*7.55 -> 33.2 | D13: =D5+D6*7.55 -> 43.75 | E13: =E5+E6*7.55 -> 24.65 | F13: =F5+F6*7.55 -> 27.65 | G13: =G5+G6*7.55 -> 171
A14: Horas Mec. dia | B14: =B7+B8*7.55 -> 73.95 | C14: =C7+C8*7.55 -> 76.95 | D14: =D7+D8*7.55 -> 59.85 | E14: =E7+E8*7.55 -> 41.75 | F14: =F7+F8*7.55 -> 53.3 | G14: =G7+G8*7.55 -> 305.8
A15: Horas Elec. Sem. | B15: =B13*5 -> 208.75 | C15: =C13*5 -> 166 | D15: =D13*5 -> 218.75 | E15: =E13*5 -> 123.25 | F15: =F13*5 -> 138.25 | G15: =G13*5 -> 855
B35: Línea 1 | C35: Línea 2 | D35: Línea 3 | E35: Línea 4 | F35: Línea 5 | G35: BOX | H35: Absentismo | I35: Horas | J35: S5 | K35: Horas
A36: Mayo | B36: 38 | C36: 34 | D36: 22 | E36: 11 | F36: 34 | G36: 0 | H36: =SUM(B36:G36) -> 139 | I36: =H36*8 -> 1112 | K36: =J36*8 -> 0
A37: Junio | B37: 85 | C37: 50 | D37: 97 | E37: 39 | F37: 53 | G37: 2 | H37: =SUM(B37:G37) -> 326 | I37: =H37*8 -> 2608 | J37: 13 | K37: =J37*8 -> 104
A38: Julio | H38: 421 | I38: =H38*8 -> 3368 | K38: =J38*8 -> 0
A39: Agosto | H39: =SUM(B39:G39) -> 0 | I39: =H39*8 -> 0 | K39: =J39*8 -> 0
A40: Septiembre | H40: =SUM(B40:G40) -> 0 | I40: =H40*8 -> 0 | K40: =J40*8 -> 0
A41: Octubre | H41: =SUM(B41:G41) -> 0 | I41: =H41*8 -> 0 | K41: =J41*8 -> 0
A42: Noviembre | H42: =SUM(B42:G42) -> 0 | I42: =H42*8 -> 0 | K42: =J42*8 -> 0
A43: Diciembre | H43: =SUM(B43:G43) -> 0 | I43: =H43*8 -> 0 | K43: =J43*8 -> 0

Sheet Obj. Plantilla
A2: 1) OBJETIVO DE PLANTILLA POR LÍNEA
A4: Parte mecánica:
A5: - 9 operarios mecánicos fijos
A6: - 2 operarios mecánicos en formación
A7: - 1 jefe de equipo mecánico
A9: Parte eléctrica:
A10: - 4 operarios eléctricos fijos
A11: - 1 operario eléctrico en formación
A13: Estructura de mando:
A14: - El jefe de equipo (mecánico) y todos los operarios dependen del jefe de área.
A15: - Los jefes de equipos (mecanicos) computan como operarios.
A17: 2) CÓMPUTO DE LOS OPERARIOS EN FORMACIÓN
... A24: - Eléctrica: 4 + (1 × 0,30) = 4,3 FTE

Sheet Personal fabrica
E1: =COUNTA(E3:E171) -> 103 | F1: =COUNTA(F3:F171) -> 105
B2: Nombre | C2: Departamento | D2: Check | E2: Turno | F2: Linea
B3: Angel Pascual Higueras | C3: Producción | D3: =IF(COUNTBLANK((G3:BI3))=54,"Check",IF(COUNTBLANK(E3:BI3)=57,"Falta pedir","Ok")) -> Ok | E3: T1 | F3: L1
B4: José Antonio Pichardo Espina | C4: Producción | D4: =IF(COUNTBLANK((G4:BI4))=54,"Check",IF(COUNTBLANK(E4:BI4)=57,"Falta pedir","Ok")) -> Ok | E4: T1 | F4: L1
B5: Alberto Rodriguez Rodriguez | C5: Producción | D5: =IF(COUNTBLANK((G5:BI5))=54,"Check",IF(COUNTBLANK(E5:BI5)=57,"Falta pedir","Ok")) -> Ok | E5: T1 | F5: L1
B6: David Fernandez Marina | C6: Producción | D6: =IF(COUNTBLANK((G6:BI6))=54,"Check",IF(COUNTBLANK(E6:BI6)=57,"Falta pedir","Ok")) -> Ok | E6: T1 | F6: L1
B7: Juan Mauricio Vicente Martin | C7: Producción | D7: =IF(COUNTBLANK((G7:BI7))=54,"Check",IF(COUNTBLANK(E7:BI7)=57,"Falta pedir","Ok")) -> Ok | E7: T1 | F7: L1
B8: Rafael Baños | C8: Producción | D8: =IF(COUNTBLANK((G8:BI8))=54,"Check",IF(COUNTBLANK(E8:BI8)=57,"Falta pedir","Ok")) -> Ok | E8: T1 | F8: L1
B9: Samuel Dorado Ubeda | C9: Producción | D9: =IF(COUNTBLANK((G9:BI9))=54,"Check",IF(COUNTBLANK(E9:BI9)=57,"Falta pedir","Ok")) -> Ok | E9: T1 | F9: L1
B10: Maria Jesus Perales Cervera | C10: Producción | D10: =IF(COUNTBLANK((G10:BI10))=54,"Check",IF(COUNTBLANK(E10:BI10)=57,"Falta pedir","Ok")) -> Ok | E10: T1 | F10: L2
B11: Moises Rodriguez Del Barrio | C11: Producción | D11: =IF(COUNTBLANK((G11:BI11))=54,"Check",IF(COUNTBLANK(E11:BI11)=57,"Falta pedir","Ok")) -> Ok | E11: T1 | F11: L2
B12: Juan Felix Saez Vara | C12: Producción | D12: =IF(COUNTBLANK((G12:BI12))=54,"Check",IF(COUNTBLANK(E12:BI12)=57,"Falta pedir","Ok")) -> Ok | E12: T1 | F12: L2
B13: Carlos García | C13: Producción | D13: =IF(COUNTBLANK((G13:BI13))=54,"Check",IF(COUNTBLANK(E13:BI13)=57,"Falta pedir","Ok")) -> Ok | E13: T1 | F13: L2
B14: Mateo Jimenez Jurado | C14: Producción | D14: =IF(COUNTBLANK((G14:BI14))=54,"Check",IF(COUNTBLANK(E14:BI14)=57,"Falta pedir","Ok")) -> Ok | E14: T1 | F14: L3
... B28: Marcos Monroy Prieto | C28: Producción | D28: =IF(COUNTBLANK((G28:BI28))=54,"Check",IF(COUNTBLANK(E28:BI28)=57,"Falta pedir","Ok")) -> Ok | E28: T2 | F28: BOX1
B29: PINTO, FÉLIX | C29: Producción | E29: T2 | F29: BOX1
B30: SÁNCHEZ TORREJÓN, AARÓN | C30: Producción | E30: T2 | F30: BOX1
B31: Miguel Angel Conejo Garcia | C31: Producción | D31: =IF(COUNTBLANK((G31:BI31))=54,"Check",IF(COUNTBLANK(E31:BI31)=57,"Falta pedir","Ok")) -> Ok | E31: T2 | F31: L1
B32: Victor Manuel Gallego Prieto | C32: Producción | D32: =IF(COUNTBLANK((G32:BI32))=54,"Check",IF(COUNTBLANK(E32:BI32)=57,"Falta pedir","Ok")) -> Ok | E32: T2 | F32: L1
B33: Angel Blazquez Fernandez | C33: Producción | D33: =IF(COUNTBLANK((G33:BI33))=54,"Check",IF(COUNTBLANK(E33:BI33)=57,"Falta pedir","Ok")) -> Ok | E33: T2 | F33: L1
B34: Antonio de Pablo | C34: Producción | D34: =IF(COUNTBLANK((G34:BI34))=54,"Check",IF(COUNTBLANK(E34:BI34)=57,"Falta pedir","Ok")) -> Ok | E34: T2 | F34: L1
B35: Francisco Javier Abad García | C35: Producción | D35: =IF(COUNTBLANK((G35:BI35))=54,"Check",IF(COUNTBLANK(E35:BI35)=57,"Falta pedir","Ok")) -> Ok | E35: T2 | F35: L1
B36: Diego Antonio Panasiti | C36: Producción | D36: =IF(COUNTBLANK((G36:BI36))=54,"Check",IF(COUNTBLANK(E36:BI36)=57,"Falta pedir","Ok")) -> Ok | E36: T2 | F36: L1
B37: Francisco Luque Villoldo | C37: Producción - Electricidad | D37: =IF(COUNTBLANK((G37:BI37))=54,"Check",IF(COUNTBLANK(E37:BI37)=57,"Falta pedir","Ok")) -> Ok | E37: T2 | F37: L1
B38: Lourdes Rodriguez-Palancas Ramirez | C38: Producción - Electricidad | D38: =IF(COUNTBLANK((G38:BI38))=54,"Check",IF(COUNTBLANK(E38:BI38)=57,"Falta pedir","Ok")) -> Ok | E38: T2 | F38: L1
B39: Raul Olmo Bastante | C39: Producción - Electricidad | D39: =IF(COUNTBLANK((G39:BI39))=54,"Check",IF(COUNTBLANK(E39:BI39)=57,"Falta pedir","Ok")) -> Ok | E39: T2 | F39: L1
B40: Alberto Fernandez Marina | C40: Producción | D40: =IF(COUNTBLANK((G40:BI40))=54,"Check",IF(COUNTBLANK(E40:BI40)=57,"Falta pedir","Ok")) -> Ok | E40: T2 | F40: L2
B41: Angel Luis Guerrero Pantoja | C41: Producción | D41: =IF(COUNTBLANK((G41:BI41))=54,"Check",IF(COUNTBLANK(E41:BI41)=57,"Falta pedir","Ok")) -> Ok | E41: T2 | F41: L2
B42: Ismael Lozano Torrejón | C42: Producción | D42: =IF(COUNTBLANK((G42:BI42))=54,"Check",IF(COUNTBLANK(E42:BI42)=57,"Falta pedir","Ok")) -> Ok | E42: T2 | F42: L2
... B56: Angel Benaigues | C56: Producción - Electricidad | D56: =IF(COUNTBLANK((G56:BI56))=54,"Check",IF(COUNTBLANK(E56:BI56)=57,"Falta pedir","Ok")) -> Ok | E56: T2 | F56: L3
B57: Aitor Benito Figueroa | C57: Producción - Baterías | D57: =IF(COUNTBLANK((G57:BI57))=54,"Check",IF(COUNTBLANK(E57:BI57)=57,"Falta pedir","Ok")) -> Falta pedir
B58: Alvaro Garcia Ruz | C58: Producción - Baterías | D58: =IF(COUNTBLANK((G58:BI58))=54,"Check",IF(COUNTBLANK(E58:BI58)=57,"Falta pedir","Ok")) -> Falta pedir
B59: Andreina G. Paladines Gonzalez | C59: Producción - Baterías | D59: =IF(COUNTBLANK((G59:BI59))=54,"Check",IF(COUNTBLANK(E59:BI59)=57,"Falta pedir","Ok")) -> Falta pedir
B60: Antonio Bayon Gomez | C60: Producción - Baterías | D60: =IF(COUNTBLANK((G60:BI60))=54,"Check",IF(COUNTBLANK(E60:BI60)=57,"Falta pedir","Ok")) -> Falta pedir
B61: Antonio Rodriguez Jimenez | C61: Producción - Baterías | D61: =IF(COUNTBLANK((G61:BI61))=54,"Check",IF(COUNTBLANK(E61:BI61)=57,"Falta pedir","Ok")) -> Falta pedir
B62: Antonio Saelices Zaragoza | C62: Producción - Baterías | D62: =IF(COUNTBLANK((G62:BI62))=54,"Check",IF(COUNTBLANK(E62:BI62)=57,"Falta pedir","Ok")) -> Falta pedir
B63: David Medina Montes | C63: Producción - Baterías | D63: =IF(COUNTBLANK((G63:BI63))=54,"Check",IF(COUNTBLANK(E63:BI63)=57,"Falta pedir","Ok")) -> Falta pedir
B64: Diakaridia Sangare Diakite | C64: Producción - Baterías | D64: =IF(COUNTBLANK((G64:BI64))=54,"Check",IF(COUNTBLANK(E64:BI64)=57,"Falta pedir","Ok")) -> Falta pedir
B65: Diona Cosmina Florea | C65: Producción - Baterías | D65: =IF(COUNTBLANK((G65:BI65))=54,"Check",IF(COUNTBLANK(E65:BI65)=57,"Falta pedir","Ok")) -> Falta pedir
B66: Eugenio Alfonso Rodrigo Santiago | C66: Producción - Baterías | D66: =IF(COUNTBLANK((G66:BI66))=54,"Check",IF(COUNTBLANK(E66:BI66)=57,"Falta pedir","Ok")) -> Falta pedir
B67: Francisco Gomez Hernando | C67: Producción - Baterías | D67: =IF(COUNTBLANK((G67:BI67))=54,"Check",IF(COUNTBLANK(E67:BI67)=57,"Falta pedir","Ok")) -> Falta pedir
B68: Gregorio Daniel Lopez Morales | C68: Producción - Baterías | D68: =IF(COUNTBLANK((G68:BI68))=54,"Check",IF(COUNTBLANK(E68:BI68)=57,"Falta pedir","Ok")) -> Falta pedir
... B84: Victor Moreno Portero | C84: Producción - Baterías | D84: =IF(COUNTBLANK((G84:BI84))=54,"Check",IF(COUNTBLANK(E84:BI84)=57,"Falta pedir","Ok")) -> Falta pedir
B85: Alba Ayala Arroyo | C85: Producción - Cuadros Eléctricos | D85: =IF(COUNTBLANK((G85:BI85))=54,"Check",IF(COUNTBLANK(E85:BI85)=57,"Falta pedir","Ok")) -> Ok | E85: T1 | F85: S05
B86: Juan Manuel Rodriguez Talavera | C86: Producción - Cuadros Eléctricos | D86: =IF(COUNTBLANK((G86:BI86))=54,"Check",IF(COUNTBLANK(E86:BI86)=57,"Falta pedir","Ok")) -> Ok | E86: T1 | F86: S05
B87: Luis Enrique Casas Ramirez | C87: Producción - Cuadros Eléctricos | D87: =IF(COUNTBLANK((G87:BI87))=54,"Check",IF(COUNTBLANK(E87:BI87)=57,"Falta pedir","Ok")) -> Ok | E87: T1 | F87: S05
B88: Marisabel De Sousa | C88: Producción - Cuadros Eléctricos | D88: =IF(COUNTBLANK((G88:BI88))=54,"Check",IF(COUNTBLANK(E88:BI88)=57,"Falta pedir","Ok")) -> Ok | E88: T1 | F88: S05
B89: Francisco José Pascual | C89: Producción - Electricidad | D89: =IF(COUNTBLANK((G89:BI89))=54,"Check",IF(COUNTBLANK(E89:BI89)=57,"Falta pedir","Ok")) -> Ok | E89: T2 | F89: L3
B90: Juan Jose Ruiz Martinez | C90: Producción - Electricidad | D90: =IF(COUNTBLANK((G90:BI90))=54,"Check",IF(COUNTBLANK(E90:BI90)=57,"Falta pedir","Ok")) -> Ok | E90: T2 | F90: L3
B91: Jorge Fernandez Ramirez | C91: Producción/baja | D91: =IF(COUNTBLANK((G91:BI91))=54,"Check",IF(COUNTBLANK(E91:BI91)=57,"Falta pedir","Ok")) -> Ok | E91: T2 | F91: L3
B92: Alejandro Martin Garcia | C92: Producción | D92: =IF(COUNTBLANK((G92:BI92))=54,"Check",IF(COUNTBLANK(E92:BI92)=57,"Falta pedir","Ok")) -> Ok | E92: T2 | F92: L4
B93: Adrian Garcia Gutierrez | C93: Producción - Electricidad | D93: =IF(COUNTBLANK((G93:BI93))=54,"Check",IF(COUNTBLANK(E93:BI93)=57,"Falta pedir","Ok")) -> Ok | E93: T1 | F93: L1
B94: Alexis Jesus Real Hernandez | C94: Producción - Electricidad | D94: =IF(COUNTBLANK((G94:BI94))=54,"Check",IF(COUNTBLANK(E94:BI94)=57,"Falta pedir","Ok")) -> Ok | E94: T1 | F94: L1
B95: Fernando Jimenez Lopez | C95: Producción - Electricidad | D95: =IF(COUNTBLANK((G95:BI95))=54,"Check",IF(COUNTBLANK(E95:BI95)=57,"Falta pedir","Ok")) -> Ok | E95: T1 | F95: L1
B96: Francisco Javier Ruiz Garcia | C96: Producción - Electricidad | D96: =IF(COUNTBLANK((G96:BI96))=54,"Check",IF(COUNTBLANK(E96:BI96)=57,"Falta pedir","Ok")) -> Ok | E96: T1 | F96: L1
... B127: Francisco Javier Leon Padilla | C127: Producción - Electricidad - BAJA | D127: =IF(COUNTBLANK((G127:BI127))=54,"Check",IF(COUNTBLANK(E127:BI127)=57,"Falta pedir","Ok")) -> Ok | E127: T1 | F127: L4
B128: Miguel Torrejon Hernandez | C128: Producción - Mecanizado | D128: =IF(COUNTBLANK((G128:BI128))=54,"Check",IF(COUNTBLANK(E128:BI128)=57,"Falta pedir","Ok")) -> Falta pedir
B129: Alejandro Perez Ruiz | C129: Producción - Mecanizado | D129: =IF(COUNTBLANK((G129:BI129))=54,"Check",IF(COUNTBLANK(E129:BI129)=57,"Falta pedir","Ok")) -> Falta pedir
B130: Antonio Navarro Corral | C130: Producción - Mecanizado | D130: =IF(COUNTBLANK((G130:BI130))=54,"Check",IF(COUNTBLANK(E130:BI130)=57,"Falta pedir","Ok")) -> Falta pedir
B131: Daniel Donas Rodriguez | C131: Producción - Mecanizado | D131: =IF(COUNTBLANK((G131:BI131))=54,"Check",IF(COUNTBLANK(E131:BI131)=57,"Falta pedir","Ok")) -> Falta pedir
B132: Gonzalo Gonzalez De La Fuente | C132: Producción - Mecanizado | D132: =IF(COUNTBLANK((G132:BI132))=54,"Check",IF(COUNTBLANK(E132:BI132)=57,"Falta pedir","Ok")) -> Falta pedir
B133: Ivan Ramos Juarez | C133: Producción - Mecanizado | D133: =IF(COUNTBLANK((G133:BI133))=54,"Check",IF(COUNTBLANK(E133:BI133)=57,"Falta pedir","Ok")) -> Falta pedir
B134: Oliver Garcia Sanchez | C134: Producción - Mecanizado | D134: =IF(COUNTBLANK((G134:BI134))=54,"Check",IF(COUNTBLANK(E134:BI134)=57,"Falta pedir","Ok")) -> Falta pedir
B135: Pablo Villayandre Esteban | C135: Producción - Mecanizado | D135: =IF(COUNTBLANK((G135:BI135))=54,"Check",IF(COUNTBLANK(E135:BI135)=57,"Falta pedir","Ok")) -> Falta pedir
B136: Alberto Moreno Gonzalez | C136: Producción - Mecanizado | D136: =IF(COUNTBLANK((G136:BI136))=54,"Check",IF(COUNTBLANK(E136:BI136)=57,"Falta pedir","Ok")) -> Falta pedir
B137: Antonio Luque Pulido | C137: Producción - Mecanizado | D137: =IF(COUNTBLANK((G137:BI137))=54,"Check",IF(COUNTBLANK(E137:BI137)=57,"Falta pedir","Ok")) -> Falta pedir
B138: Bernardo Gonzalez Parra | C138: Producción - Mecanizado | D138: =IF(COUNTBLANK((G138:BI138))=54,"Check",IF(COUNTBLANK(E138:BI138)=57,"Falta pedir","Ok")) -> Falta pedir
B139: Carlos Vazquez Perez | C139: Producción - Mecanizado | D139: =IF(COUNTBLANK((G139:BI139))=54,"Check",IF(COUNTBLANK(E139:BI139)=57,"Falta pedir","Ok")) -> Falta pedir
... B161: Rubén Quintana Benitez | C161: Producción - Test Final | D161: =IF(COUNTBLANK((G161:BI161))=54,"Check",IF(COUNTBLANK(E161:BI161)=57,"Falta pedir","Ok")) -> Falta pedir
B162: Cristian Gomez Marin | C162: Producción/baja | D162: =IF(COUNTBLANK((G162:BI162))=54,"Check",IF(COUNTBLANK(E162:BI162)=57,"Falta pedir","Ok")) -> Ok | E162: T1 | F162: L1
B163: Rosa María Palacios Haro | C163: Producción/baja | D163: =IF(COUNTBLANK((G163:BI163))=54,"Check",IF(COUNTBLANK(E163:BI163)=57,"Falta pedir","Ok")) -> Ok | E163: T1 | F163: L2
B164: Jorge Villarreal Mateo | C164: Producción/baja | D164: =IF(COUNTBLANK((G164:BI164))=54,"Check",IF(COUNTBLANK(E164:BI164)=57,"Falta pedir","Ok")) -> Ok | E164: T1 | F164: L3
B165: Javier Ureña Portero | C165: Producción | D165: =IF(COUNTBLANK((G165:BI165))=54,"Check",IF(COUNTBLANK(E165:BI165)=57,"Falta pedir","Ok")) -> Ok | E165: T1 | F165: L4
B166: Alfredo Palomo López | C166: Producción - Cuadros Eléctricos | D166: =IF(COUNTBLANK((G166:BI166))=54,"Check",IF(COUNTBLANK(E166:BI166)=57,"Falta pedir","Ok")) -> Ok | E166: T2
B167: Jorge Romero Enamorado | C167: Producción - Cuadros Eléctricos | D167: =IF(COUNTBLANK((G167:BI167))=54,"Check",IF(COUNTBLANK(E167:BI167)=57,"Falta pedir","Ok")) -> Ok | E167: T2
B168: CHAVES LEMETRE, ISMAEL JOSE | C168: Producción - Electricidad | D168: Antonio | F168: L1
B169: OPORTE CALDERON, JERMAIN MANUEL | C169: Producción | D169: Rafa | F169: L1
B170: PRIETO GRANADOS, RICARDO | C170: Producción | D170: Rafa | F170: L1
B171: VARE LA RIVA, HERNAN ALEJANDRO | C171: Producción | D171: Antonio | F171: L1
B172: ALISTE DIAZ, ENRIQUE | C172: Producción | D172: Antonio | F172: L1
B173: VAZQUEZ TORREJON, ARANZAZU | C173: Producción | D173: Antonio | F173: L1
B174: Westley Chamorro Garcia
B175: ASENSIO LUENGO, DANIEL | C175: Producción | D175: Sergio | F175: L2
B176: DINU POP, DENIS RAZVAN | C176: Producción | D176: Carlos | F176: L2
B177: FERNANDEZ LAGARTERA, PEDRO | C177: Producción | D177: Sergio | F177: L2
B178: GARCIA SILGADO, MARTIN | C178: Producción | D178: Sergio | F178: L2
B179: GÓMEZ VICOU, CHRISTIAN | C179: Producción | D179: Sergio | F179: L2
B180: CATALINA LOARCE, CESAR | C180: Producción - Electricidad | D180: Juan Antonio | F180: L2
B181: HERNANDEZ LOPEZ-BALTASAR, DAVID | C181: Producción - Electricidad | D181: Carlos | F181: L2
B182: LOPEZ, MARIO | C182: Producción - Electricidad | D182: Juan Antonio | F182: L2
B183: DE LLAMES RODRÍGUEZ, ANGEL | C183: Producción | D183: Javier | F183: L3
B184: RODRIGUEZ REYES, FRANCISCO JAVIER | C184: Producción | D184: Javier | F184: L3
B185: DE PABLO LEAL, ADRIAN | C185: Producción | D185: Jorge | F185: L3
B186: MORILLO MARCELO | C186: Producción | D186: Jorge | F186: L3
... B202: David Manzanero Ocaña | C202: Producción - Electricidad | D202: Antonio | F202: L5
B203: Jose Luis Vega | C203: Producción - Cuadros Eléctricos | D203: =IF(COUNTBLANK((G203:BI203))=54,"Check",IF(COUNTBLANK(E203:BI203)=57,"Falta pedir","Ok")) -> Ok | E203: T2
B204: Lidia Sarti Navarro | C204: Producción - Cuadros Eléctricos | D204: =IF(COUNTBLANK((G204:BI204))=54,"Check",IF(COUNTBLANK(E204:BI204)=57,"Falta pedir","Ok")) -> Ok | E204: T2
C210: 28 | D210: =2/9 -> 0.22222222
C211: =C210*D210 -> 6.2222222
C212: Producción - Electricidad | D212: =IF(COUNTBLANK((E174:BI174))=54,"Check",IF(COUNTBLANK(E174:BI174)=57,"Falta pedir","Ok")) -> Falta pedir

Sheet ETT
A1: HUGO | B1: Empleado | C1: Empresa | D1: Cost | E1: Sección | F1: Fecha Inicio | G1: Columna1 | H1: Columna2 | I1: Columna3 | J1: TURNO
A2: 35 | B2: ALISTE DIAZ, ENRIQUE | C2: Aura | D2: Direct | E2: Mechanical | F2: 46084 | G2: L1 | H2: Mecanico | I2: ANTONIO | J2: T2 | K2: TURNO 1
A3: 33 | B3: CHAVES LEMETRE, ISMAEL JOSE | C3: EuroFirms | D3: Direct | E3: Electrical | F3: 46048 | G3: L1 | H3: Electrico | I3: ANTONIO | J3: T2 | K3: SONIA S03
A4: 34 | B4: VARE LA RIVA, HERNAN ALEJANDRO | C4: Aura | D4: Direct | E4: Mechanical | F4: 46081 | G4: L1 | H4: Mecanico | I4: ANTONIO | J4: T2 | K4: GOYO S01
A5: 36 | B5: VAZQUEZ TORREJON, ARANZAZU | C5: Aura | D5: Direct | E5: Mechanical | F5: 46084 | G5: L1 | H5: Mecanico | I5: ANTONIO | J5: T2 | K5: TURNO 2
A6: 79 | B6: BETANCUR CASTRO, JHON STIVEN | C6: Aura | D6: Direct | E6: Mechanical | F6: 46062 | G6: L5 | H6: Mecanico | I6: ANTONIO A. | J6: T1
A7: 86 | B7: CAMPOS MARTÍN, NAYARA | C7: EuroFirms | D7: Direct | E7: Mechanical | F7: 46188 | G7: L5 | H7: Mecanico | I7: ANTONIO A. | J7: T1
A8: 80 | B8: CASTELLANOS RODRIGUEZ, NELSON ANDRES | C8: Aura | D8: Direct | E8: Mechanical | F8: 46062 | G8: L5 | H8: Mecanico | I8: ANTONIO A. | J8: T1
A9: 81 | B9: DORADO DEL CERRO, AISHA | C9: Aura | D9: Direct | E9: Mechanical | F9: 46084 | G9: L5 | H9: Mecanico | I9: ANTONIO A. | J9: T1
A10: 78 | B10: GONZALEZ ROBLES, ISMAEL | C10: Aura | D10: Direct | E10: Mechanical | F10: 46029 | G10: L5 | H10: Mecanico | I10: ANTONIO A. | J10: T1
A11: 19 | B11: SÁNCHEZ TORREJÓN, AARÓN | C11: EuroFirms | D11: Direct | E11: Mechanical | F11: 46125 | G11: BOX1 | H11: Mecanico | I11: BOX1 | J11: T2
A12: 51 | B12: Alicia Aparicio | C12: Aura | D12: Direct | E12: Mechanical | F12: 46167 | G12: L2 | H12: Mecanico | I12: CARLOS | J12: T1
A13: 50 | B13: DINU POP, DENIS RAZVAN | C13: EuroFirms | D13: Direct | E13: Mechanical | F13: 46048 | G13: L2 | H13: Mecanico | I13: CARLOS | J13: T1
A14: 41 | B14: HERNANDEZ LOPEZ-BALTASAR, DAVID | C14: Aura | D14: Direct | E14: Electrical | F14: 46062 | G14: L2 | H14: Mecanico | I14: Carlos
A15: 42 | B15: JUAREZ ANDY | C15: Aura | D15: Direct | E15: Mechanical | F15: 46125 | G15: L2 | H15: Mecanico | I15: Carlos
A16: 91 | B16: NGANDU KABONGO, SANDERS | C16: EuroFirms | D16: Direct | E16: Mechanical | F16: 46188 | G16: L2 | H16: Mecanico | I16: CARLOS | J16: T1
A17: 90 | B17: PÁLAMO BOJE, ÁLVARO FELIPE | C17: Aura | D17: Direct | E17: Mechanical | F17: 46188 | G17: L2 | H17: Mecanico | I17: CARLOS | J17: T1
A18: 49 | B18: VARGAS GUTIERREZ, HUGO | C18: Aura | D18: Direct | E18: Mechanical | F18: 46029 | G18: L2 | H18: Mecanico | I18: CARLOS | J18: T1
A19: 48 | B19: IZQUIERDO, DAVID | C19: EuroFirms | D19: Direct | G19: L2 | H19: Mecanico | I19: CARLOS | J19: T1
A20: 49 | B20: JUAREZ ANDY | C20: Aura | D20: Direct | G20: L2 | H20: Mecanico | I20: CARLOS | J20: T1
A21: 28 | B21: MORENO RISCO, JUAN LUIS | C21: Aura | D21: Direct | E21: E-Panel | F21: 45985 | G21: Cuadros | H21: Electrico | I21: CARMELO | J21: T2
A22: 29 | B22: SOLERA BRICIO, IARA | C22: STULZ Tecnivel | D22: Direct | E22: Electrical | F22: 46146 | G22: Cuadros | H22: Electrico | I22: CARMELO | J22: T2
A23: 84 | B23: FRANCO DELGADO, OMAR FERNANDO | C23: STULZ Tecnivel | D23: Direct | E23: Electrical | F23: 46153 | G23: L5 | H23: Electrico | I23: CARMELO | J23: T2
A24: 85 | B24: IVAN FERNANDEZ ESPINOSA | C24: EuroFirms | D24: Direct | E24: Electrical | F24: 46153 | G24: L5 | H24: Electrico | I24: CARMELO | J24: T2
A25: 39 | B25: GONZALEZ, FRANK | C25: EuroFirms | D25: Direct | E25: Electrical | F25: 46167 | G25: L1 | I25: CARMELO | J25: T2 | K25: CESE
A26: 31 | B26: ESTRADA ACEVEDO, JHON FERNANDO | C26: EuroFirms | D26: Direct | E26: Electrical | F26: 46174 | G26: Cuadros | H26: Electrico | I26: CARMELO | J26: T2
A27: 32 | B27: KASMI, FAYSAL NO SEINCORPORA AUN | C27: EuroFirms | D27: Direct | E27: Electrical | F27: 46203 | G27: Cuadros | H27: Electrico | I27: CARMELO | J27: T2
A28: 72 | B28: AGUADO CABALLERO, LUCIA | C28: EuroFirms | D28: Direct | E28: Electrical | F28: 46167 | G28: L4 | H28: Mecanico | I28: DAVID | J28: T1
A29: 73 | B29: APARICIO ORTEGA VILLAIZAN, ALEJANDRO | C29: EuroFirms | D29: Direct | E29: Mechanical | F29: 46174 | G29: L4 | H29: Mecanico | I29: DAVID | J29: T1
A30: 66 | B30: GONZALEZ DEL VALLE, ROBERTO | C30: EuroFirms | D30: Direct | E30: Mechanical | F30: 46076 | G30: L4 | H30: Mecanico | I30: DAVID
A31: 65 | B31: GONZALEZ RIOS, FRANK STIBEN | C31: Aura | D31: Direct | E31: Mechanical | F31: 46160 | G31: L4 | H31: Mecanico | I31: DAVID
A32: 64 | B32: IZQUIERDO, DAVID | C32: EuroFirms | D32: Direct | E32: Mechanical | F32: 46153 | G32: L4 | H32: Mecanico | I32: DAVID
A33: 92 | B33: NICULA, STEFAN | C33: Aura | D33: Direct | E33: Mechanical | F33: 46188 | G33: L4 | H33: Mecanico | I33: DAVID | J33: T1
A34: 69 | B34: TAPIAS FRANCO, DANIELA | C34: STULZ Tecnivel | D34: Direct | E34: Electrical | F34: 46146 | G34: L4 | H34: Electrico | I34: DAVID | J34: T1
A35: 68 | B35: QUINTANA GONZALEZ, NAIARA | C35: Aura | D35: Direct | E35: Mechanical | F35: 46084 | G35: L4 | H35: Mecanico | I35: DAVID | J35: T1
A36: 71 | B36: SILVIU CONSTANTIN, IOSIF | C36: Aura | D36: Direct | E36: Mechanical | F36: 46160 | G36: L4 | H36: Mecanico | I36: DAVID | J36: T1
A37: 30 | B37: TRIVIÑO GUERRERO, LUCIA | C37: STULZ Tecnivel | D37: Direct | E37: Electrical | F37: 46146 | G37: Cuadros | H37: Electrico | I37: FEDERICO | J37: T1
A38: 93 | B38: VASQUEZ ORTEGA, JUAN JOSE | C38: EuroFirms | D38: Direct | E38: Electrical | F38: 46195 | G38: L1 | H38: Electrico | I38: FEDERICO | J38: T1
A39: 57 | B39: VILLANUEVA OLMEDO, Mª DOLORES | C39: STULZ Tecnivel | D39: Direct | E39: Electrical | F39: 46146 | G39: L3 | H39: Electrico | I39: FRAN | J39: T2
A40: 22 | B40: GOETE, TARIEL | C40: Aura | D40: Direct | E40: SheetMetal | F40: 46055 | G40: CNC | H40: Mecanizado | I40: GOYO
A41: 23 | B41: GOMEZ VOICU, GABRIEL | C41: Aura | D41: Direct | E41: SheetMetal | F41: 46084 | G41: CNC | H41: Corte | I41: GOYO
A42: 24 | B42: HERNANDEZ TELLO, JOSE MARIA | C42: Aura | D42: Direct | E42: SheetMetal | F42: 46084 | G42: CNC | H42: Mecanizado | I42: GOYO
A43: 25 | B43: BERMEJO BRAVO, RAUL | C43: EuroFirms | D43: Direct | E43: SheetMetal | F43: 46119 | G43: CNC | H43: Mecanizado | I43: GOYO
A44: 26 | B44: CARMENA ESTÉVEZ, RICARDO | C44: Aura | D44: Direct | E44: SheetMetal | F44: 46119 | G44: CNC | H44: Mecanizado | I44: GOYO
A45: 27 | B45: DIAZ MARTIN, EDUARDO | C45: Aura | D45: Direct | E45: SheetMetal | F45: 46119 | G45: CNC | H45: Pintura | I45: GOYO
A46: 21 | B46: Rollan, DIEGO | F46: 46132 | G46: CNC | H46: Pintura | I46: GOYO
A47: 87 | B47: HERMIDA MANZANEQUE, ROBERTO | C47: STULZ Tecnivel | D47: Direct | E47: Mechanical | F47: 46174 | G47: Panelado | H47: Mecanizado | I47: GOYO
A48: 89 | B48: DEL CASTILLO EGIDO, MARCOS | C48: EuroFirms | D48: Direct | E48: SheetMetal | F48: 46188 | H48: Mecanizado | I48: GOYO
A49: 94 | B49: MARTIN ESPINOSA, ALEJANDRO | C49: EuroFirms | D49: Direct | E49: SheetMetal | F49: 46195 | H49: Mecanizado | I49: GOYO
A50: 26 | B50: ROLLAN GUTIERREZ, DIEGO | C50: Aura | D50: Direct | G50: CNC | H50: Pintura | I50: Goyo
A51: 60 | B51: CERRADA CANALES, DANIEL | C51: EuroFirms | D51: Direct | E51: Mechanical | F51: 46125 | G51: L3 | H51: Mecanico | I51: JAVIER | J51: T1
A52: 58 | B52: DE LLAMES RODRÍGUEZ, ANGEL | C52: Aura | D52: Direct | E52: Mechanical | F52: 46076 | G52: L3 | H52: Mecanico | I52: JAVIER | J52: T1
A53: 61 | B53: GALAN CARRASCO, DAVID | C53: STULZ Tecnivel | D53: Direct | E53: Mechanical | F53: 46174 | G53: L3 | H53: Mecanico | I53: JAVIER | J53: T1
A54: 53 | B54: MELCHOR FERNÁNDEZ, RAÚL | C54: EuroFirms | D54: Direct | E54: Mechanical | F54: 46125 | G54: L3 | H54: Mecanico | I54: JAVIER | J54: T1
A55: 54 | B55: TALAVAN, JUAN JOSE | C55: EuroFirms | D55: Direct | E55: Electrical | F55: 46125 | G55: L3 | H55: Electrico | I55: JAVIER | J55: T1
A56: 59 | B56: RODRIGUEZ REYES, FRANCISCO JAVIER | C56: Aura | D56: Direct | E56: Mechanical | F56: 46076 | G56: L3 | H56: Mecanico | I56: JAVIER | J56: T1
A57: 61 | B57: MELCHOR FERNÁNDEZ, RAÚL | C57: EuroFirms | D57: Direct | G57: L3 | H57: Mecanico | I57: JAVIER | J57: T1
B58: SAEZ CONDE, HUGO | C58: STULZ Tecnivel | D58: Direct | E58: Electrical | F58: 46202 | G58: L3 | I58: JAVIER | J58: T1
A59: 55 | B59: DE PABLO LEAL, ADRIAN | C59: Aura | D59: Direct | E59: Mechanical | F59: 46084 | G59: L3 | H59: Mecanico | I59: JORGE | J59: T2
A60: 56 | B60: MORILLO MARCELO | C60: Aura | D60: Direct | E60: Mechanical | F60: 46119 | G60: L3 | H60: Mecanico | I60: JORGE | J60: T2
A61: 82 | B61: MANZANERO OCAÑA, DAVID | C61: STULZ Tecnivel | D61: Direct | E61: Electrical | F61: 46146 | G61: L5 | H61: Electrico | I61: JOSE LUIS | J61: T1
A62: 83 | B62: VALDIVIESO ANTON, ANA CELIA | C62: STULZ Tecnivel | D62: Direct | E62: Electrical | F62: 46146 | G62: L5 | H62: Electrico | I62: JOSE LUIS | J62: T1
A63: 40 | B63: CATALINA LOARCE, CESAR | C63: EuroFirms | D63: Direct | E63: Electrical | F63: 46055 | G63: L2 | H63: Electrico | I63: Juan Antonio
A64: 47 | B64: CRISTIAN SARDAN, ROBERT | E64: Electrical | F64: 46132 | G64: L2 | H64: Electrico | I64: JUAN ANTONIO | J64: T2
A65: 48 | B65: OÑATE NUÑEZ, SANTIAGO | C65: STULZ Tecnivel | D65: Direct | E65: Electrical | F65: 46146 | G65: L2 | H65: Electrico | I65: JUAN ANTONIO | J65: T2
A66: 62 | B66: CEDILLO GRANDE, RODRIGO | C66: Aura | D66: Direct | E66: Electrical | F66: 46042 | G66: L4 | H66: Electrico | I66: LUISMI
A67: 63 | B67: González García, ANGEL | E67: Mechanical | F67: 46132 | G67: L4 | H67: Mecanico | I67: Luismi
A68: 70 | B68: EL BOUKURI, ANAS | C68: EuroFirms | D68: Direct | E68: Electrical | F68: 46153 | G68: L4 | H68: Electrico | I68: LUISMI | J68: T2
A69: 67 | B69: RODRIGUEZ BERLINCHES, REGINO | E69: Mechanical | F69: 46132 | G69: L4 | H69: Mecanico | I69: LUISMI | J69: T2 | N69: J
A70: 64 | B70: GONZALEZ GARCIA, ANGEL | C70: Aura | D70: Direct | E70: Mechanical | G70: L4 | H70: Mecanico | I70: Luismi
A71: 77 | B71: APARICIO, JULIAN | C71: Aura | D71: Direct | E71: Mechanical | F71: 46119 | G71: L5 | H71: Mecanico | I71: OSCAR | J71: T2
A72: 75 | B72: MARTINEZ JAIME, SEBASTIAN | C72: Aura | D72: Direct | E72: Mechanical | F72: 46090 | G72: L5 | H72: Mecanico | I72: OSCAR | J72: T2
A73: 76 | B73: PUEBLA PINILLOS, JUAN ANTONIO | C73: Aura | D73: Direct | E73: Mechanical | F73: 46090 | G73: L5 | H73: Mecanico | I73: OSCAR | J73: T2
A74: 74 | B74: SANZ MELERO, DANIEL | C74: Aura | D74: Direct | E74: Mechanical | F74: 45979 | G74: L5 | H74: Mecanico | I74: OSCAR | J74: T2
A75: 88 | B75: LOPEZ DE LA FUENTE DOMINGUEZ, MARIO | C75: EuroFirms | D75: Direct | E75: Electrical | F75: 46119 | G75: Test final | H75: Electrico | I75: PEDRO | J75: T2
A76: 37 | B76: OPORTE CALDERON, JERMAIN MANUEL | C76: Aura | D76: Direct | E76: Mechanical | F76: 46069 | G76: L1 | H76: Mecanico | I76: RAFA | J76: T1
A77: 38 | B77: PRIETO GRANADOS, RICARDO | C77: EuroFirms | D77: Direct | E77: Mechanical | F77: 46076 | G77: L1 | H77: Mecanico | I77: RAFA | J77: T1
A78: 43 | B78: ASENSIO LUENGO, DANIEL | C78: Aura | D78: Direct | E78: Mechanical | F78: 45965 | G78: L2 | H78: Mecanico | I78: SERGIO | J78: T2 | K78: CUADROS S05
A79: 44 | B79: FERNANDEZ LAGARTERA, PEDRO | C79: Aura | D79: Direct | E79: Mechanical | F79: 46055 | G79: L2 | H79: Mecanico | I79: SERGIO | J79: T2 | K79: BAJAS
A80: 45 | B80: GARCIA SILGADO, MARTIN | C80: Aura | D80: Direct | E80: Mechanical | F80: 46069 | G80: L2 | H80: Mecanico | I80: SERGIO | J80: T2
A81: 46 | B81: GÓMEZ VICOU, CHRISTIAN | C81: Aura | D81: Direct | E81: Mechanical | F81: 46069 | G81: L2 | H81: Mecanico | I81: SERGIO | J81: T2
A82: 52 | B82: VALLEJO DIAZ, PAULA | C82: EuroFirms | D82: Direct | E82: Mechanical | F82: 46146 | G82: L2 | H82: Mecanico | I82: SERGIO | J82: T2
A83: 4 | B83: LOPEZ ANDIA, MARTIN | C83: Aura | D83: Direct | E83: Coils | F83: 46029 | G83: Bateria | H83: Coils | I83: SONIA
A84: 5 | B84: NNAMANI, CELESTINE | C84: Aura | D84: Direct | E84: Coils | F84: 46055 | G84: Bateria | H84: Coils | I84: SONIA
A85: 6 | B85: GONZALEZ BOLRON, JUAN CARLOS | C85: EuroFirms | D85: Direct | E85: Coils | F85: 46090 | G85: Bateria | H85: Coils | I85: SONIA
A86: 7 | B86: MARTIN QUIROS, DAVID | C86: Aura | D86: Direct | E86: Coils | F86: 46090 | G86: Bateria | H86: Coils | I86: SONIA
A87: 8 | B87: RUIZ DE LA ORDEN, MARCO ANTONIO | C87: EuroFirms | D87: Direct | E87: Coils | F87: 46125 | G87: Bateria | H87: Coils | I87: SONIA
A88: 3 | B88: DE LA LLAVE RODRÍGUEZ-TORIBIO, ENRIQUE | C88: STULZ Tecnivel | D88: Direct | E88: Coils | F88: 46146 | G88: Bateria | H88: Coils | I88: SONIA
A89: 9 | B89: GOMEZ CANO, Mª DEL MAR | C89: STULZ Tecnivel | D89: Direct | E89: Coils | F89: 46146 | G89: Bateria | H89: Coils | I89: SONIA
A90: 10 | B90: LOPEZ OLMEDO, IVÁN | C90: STULZ Tecnivel | D90: Direct | E90: Coils | F90: 46146 | G90: Bateria | H90: Coils | I90: SONIA
A91: 11 | B91: LOPEZ-ROMERO ARRISCADO, TAMARA | C91: STULZ Tecnivel | D91: Direct | E91: Coils | F91: 46146 | G91: Bateria | H91: Coils | I91: SONIA
A92: 12 | B92: SANCHEZ MADRIGAL, JAVIER | C92: STULZ Tecnivel | D92: Direct | E92: Coils | F92: 46146 | G92: Bateria | H92: Coils | I92: SONIA
A93: 13 | B93: SANZ SANCHEZ, MIGUEL | C93: STULZ Tecnivel | D93: Direct | E93: Coils | F93: 46146 | G93: Bateria | H93: Coils | I93: SONIA
A94: 14 | B94: SCHLOSSER, NIOMAR LEANDRO | C94: STULZ Tecnivel | D94: Direct | E94: Coils | F94: 46146 | G94: Bateria | H94: Coils | I94: SONIA
... A96: 16 | B96: VILLA MENA, ANTONIA | C96: STULZ Tecnivel | D96: Direct | E96: Coils | F96: 46146 | G96: Bateria | H96: Coils | I96: SONIA
A97: 2 | B97: BERRUEZO, RUBÉN | C97: EuroFirms | D97: Direct | E97: Coils | F97: 46153 | G97: Bateria | I97: SONIA
A98: 17 | B98: FERNANDEZ ROJAS, JOSE MANUEL | C98: STULZ Tecnivel | D98: Direct | E98: Coils | F98: 46153 | G98: Bateria | H98: Coils | I98: SONIA
A99: 18 | B99: CUENDA FERNÁNDEZ, ALEJANDRO | C99: Aura | D99: Direct | E99: Coils | F99: 46167 | G99: Bateria | H99: Coils | I99: SONIA
A100: 1 | B100: MORAN, FRANCISCO ANDRES | C100: EuroFirms | D100: Direct | E100: Electrical | F100: 46119 | G100: BAJA
A101: 20 | B101: PINTO, FÉLIX | C101: EuroFirms | D101: Direct | E101: Mechanical | F101: 46125 | G101: BOX1 | H101: Mecanico
...

Sheet Absentismo
A1: Linea | B1: 46144 | C1: 46145 | D1: 46146 | E1: 46147 | F1: 46148 | G1: 46149 | H1: 46150 | I1: 46151 | J1: 46152 | K1: 46153 | L1: 46154 | M1: 46155 | N1: 46156 | O1: 46157 | P1: 46158 | Q1: 46159 | R1: 46160 | S1: 46161 | T1: 46162 | U1: 46163 | V1: 46164 | W1: 46165 | X1: 46166 | Y1: 46167 | Z1: 46168 | AA1: 46169 | AB1: 46170 | AC1: 46171 | AD1: 46172 | AE1: 46173 | AF1: 46174 | AG1: 46175 | AH1: 46176 | AI1: 46177 | AJ1: 46178 | AK1: 46179 | AL1: 46180 | AM1: 46181 | AN1: 46182 | AO1: 46183 | AP1: 46184 | AQ1: 46185 | AR1: 46186 | AS1: 46187 | AT1: 46188 | AU1: 46189 | AV1: 46190 | AW1: 46191 | AX1: 46192 | AY1: 46193 | AZ1: 46194 | BA1: 46195 | BB1: 46196 | BC1: 46197 | BD1: 46198 | BE1: 46199 | BF1: 46200 | BG1: 46201 | BH1: 46202 | BI1: 46203 | BJ1: 46204 | BK1: 46205 | BL1: 46206
A2: L4 | E2: NUNES MARIA, PAULO JORGE
A3: L2 | E3: VICTOR MANUEL MORENO CRUZ
A4: L5 | F4: PEDRO P. SANCHEZ CENAMOR
A5: L2 | F5: VICTOR MANUEL MORENO CRUZ
A6: L1 | F6: FERNANDO JIMENEZ LOPEZ
A7: L1 | F7: JOSE LUIS RODRIGUEZ JARILLO
A8: L2 | F8: DANIEL BARROSO DE ROA
A9: L3 | F9: JAVIER UREÑA PORTERO
A10: L2 | G10: VICTOR MANUEL MORENO CRUZ | H10: VICTOR MANUEL MORENO CRUZ
A11: L5 | H11: GARCIA GUERRA, CARLOS
A12: L1 | H12: RODRIGUEZ RODRIGUEZ, ALBERTO
A13: L1 | H13: OPORTE CALDERON, JERMAIN MANUEL
A14: L1 | H14: JIMENEZ LOPEZ , FERNANDO
A15: L3 | H15: JUANES CARMONA, CHRISTIAN
A16: L3 | H16: BARROSO DE ROA, DANIEL
A17: L3
A18: L3 | K18: JAVIER BLANCO | L18: JAVIER BLANCO | M18: JAVIER BLANCO | N18: JAVIER BLANCO | O18: JAVIER BLANCO
A19: L5 | K19: CASTELLANOS RODRIGUEZ, NELSON ANDRES
A20: L4 | K20: CHAMARRO GARCIA, WESTLEY
A21: L5 | K21: GARCIA GUERRA, CARLOS
A22: L2 | L22: CORDON MORENO SAMIUEL
A23: L5 | L23: GARCIA GUERRA, CARLOS
A24: L5 | M24: GARCIA GUERRA, CARLOS | N24: GARCIA GUERRA, CARLOS | O24: GARCIA GUERRA, CARLOS | R24: GARCIA GUERRA, CARLOS | S24: GARCIA GUERRA, CARLOS | T24: GARCIA GUERRA, CARLOS | U24: GARCIA GUERRA, CARLOS | V24: GARCIA GUERRA, CARLOS | Y24: GARCIA GUERRA, CARLOS | Z24: GARCIA GUERRA, CARLOS | AA24: GARCIA GUERRA, CARLOS | AB24: GARCIA GUERRA, CARLOS
A25: L1 | M25: PRIETO GRANADOS RICARDO
A26: L4 | M26: ALEJANDRO MARTIN GARCIA
A27: L1 | N27: PRIETO GRANADOS RICARDO
A28: L1 | N28: REAL HERNANDEZ, ALEXIS JESUS
A29: L1 | N29: JIMENEZ LOPEZ , FERNANDO
A30: L2 | N30: MORENO CRUZ, VICTOR MANUEL
A31: L3 | N31: BARROSO DE ROA, DANIEL
A32: L1 | N32: ANGEL BLAZQUEZ FERNANDEZ
A33: L1 | O33: PICHARDO ESPINA , JOSE ANTONIO
A34: L1 | O34: DA SILVA MEDEISOS, RODRIGO
A35: L1 | O35: PRIETO GRANADOS RICARDO
A36: L2 | O36: NIETO TRUJILLO, VALENTIN
A37: L4 | O37: HERRANDO GARCIA, ALBERTO
A38: L5 | O38: GONZALEZ ROBLES ISMAEL | R38: GONZALEZ ROBLES, ISMAEL | S38: GONZALEZ ROBLES, ISMAEL | T38: GONZALEZ ROBLES, ISMAEL | U38: GONZALEZ ROBLES, ISMAEL | Z38: GONZALEZ ROBLES, ISMAEL | AA38: GONZALEZ ROBLES, ISMAEL | AB38: GONZALEZ ROBLES, ISMAEL | AC38: GONZALEZ ROBLES, ISMAEL
A39: L1 | O39: BALQUEZ FERNANDEZ, ANGEL
A40: L1 | O40: ABAD GARCIA, FRANCISCO JAVIER
A41: L1 | O41: DE PABLO, ANTONIO
A42: L2 | O42: BINTOV YOCHEV, VESELIN
A43: L2 | O43: ASENSIO LUENGO, DANIEL
A44: L5 | R44: BETANCUR CASTRO, JHON STIVEN
A45: L1 | R45: PICHARDO ESPINA , JOSE ANTONIO | S45: PICHARDO ESPINA , JOSE ANTONIO
A46: L4 | S46: EL BOUKURI, ANAS
A47: L4 | T47: RODRIGUEZ BERLINCHES, REGINO
A48: L2 | T48: Mª JESUS PERALES CERVERA
A49: L1 | U49: JIMENEZ LOPEZ , FERNANDO | V49: JIMENEZ LOPEZ , FERNANDO | Z49: JIMENEZ LOPEZ , FERNANDO | AA49: JIMENEZ LOPEZ , FERNANDO | AB49: JIMENEZ LOPEZ , FERNANDO | AC49: JIMENEZ LOPEZ , FERNANDO
A50: L2 | U50: MORENO CRUZ, VICTOR MANUEL | V50: MORENO CRUZ, VICTOR MANUEL | Z50: MORENO CRUZ, VICTOR MANUEL | AA50: MORENO CRUZ, VICTOR MANUEL | AB50: MORENO CRUZ, VICTOR MANUEL | AC50: MORENO CRUZ, VICTOR MANUEL | AF50: MORENO CRUZ, VICTOR MANUEL | AG50: MORENO CRUZ, VICTOR MANUEL | AM50: MORENO CRUZ, VICTOR MANUEL
A51: L3 | U51: BARROSO DE ROA, DANIEL | V51: BARROSO DE ROA, DANIEL | AG51: BARROSO DE ROA, DANIEL | AM51: BARROSO DE ROA, DANIEL
A52: L3 | U52: JAVIER BLANCO
A53: L5 | U53: BENTACOURT CARDONA, JOSE JAIME
A54: L2 | U54: VARGAS GUTIERREZ, HUGO | V54: VARGAS GUTIERREZ, HUGO
A55: L4 | V55: EL BOUKURI, ANAS
A56: L5 | V56: MARTIN JIMENEZ, ESTEBAN
A57: L1 | V57: PICHARDO ESPINA , JOSE ANTONIO
A58: L4 | Y58: OUHABI, TARIK
A59: L1 | Y59: PRIETO GRANADOS, RICARDO | Z59: PRIETO GRANADOS, RICARDO
A60: L3 | Y60: APARICIO LEON, CESAR ANTONIO | Z60: APARICIO LEON, CESAR ANTONIO | AA60: APARICIO LEON, CESAR ANTONIO | AB60: APARICIO LEON, CESAR ANTONIO
A61: L1 | Y61: RODRIGUEZ JARILLO, JOSE LUIS PROT | Z61: RODRIGUEZ JARILLO, JOSE LUIS PROT | AA61: RODRIGUEZ JARILLO, JOSE LUIS PROT | AB61: RODRIGUEZ JARILLO, JOSE LUIS PROT | AC61: RODRIGUEZ JARILLO, JOSE LUIS PROT
A62: L3 | Y62: HERNANDEZ BARGUEÑO, ALBERTO PROT. | Z62: HERNANDEZ BARGUEÑO, ALBERTO PROT. | AC62: HERNANDEZ BARGUEÑO, ALBERTO PROT.
A63: L2 | Y63: SAEZ VARA, JUAN FELIX PROT. | Z63: SAEZ VARA, JUAN FELIX PROT. | AA63: SAEZ VARA, JUAN FELIX PROT. | AB63: SAEZ VARA, JUAN FELIX PROT. | AC63: SAEZ VARA, JUAN FELIX PROT.
A64: L5 | Y64: BETANCUR CASTRO, JHON STIVEN PROT
A65: L2 | Y65: LOZANO TORREJON, ISMAEL
A66: L3 | Y66: NUÑEZ CABALLERO, RICARDO
A67: L3 | Y67: LOPEZ MONTERO MORENO, SONIA
A68: L1 | Y68: PANASITI, DIEGO ANTONIO
A69: L1 | Z69: OPORTE CALDERON, JERMAIN MANUEL
A70: L5 | Z70: GONZALEZ ROBLES, ISMAEL PROT | AA70: GONZALEZ ROBLES, ISMAEL PROT | AC70: GONZALEZ ROBLES, ISMAEL PROT
A71: L4 | AA71: MATEO GARCIA, SANDRA | AC71: MATEO GARCIA, SANDRA
A72: L2 | AA72: TORREJON SANZ, JUAN ANTONIO PROT | AB72: TORREJON SANZ, JUAN ANTONIO PROT
A73: L2 | AA73: HERNANDO GONZALEZ, RAUL PROT | AB73: HERNANDO GONZALEZ, RAUL PROT | AC73: HERNANDO GONZALEZ, RAUL PROT
A74: L2 | AA74: SARDAN, ROBERT CRISTIAN PROT | AB74: SARDAN, ROBERT CRISTIAN PROT
A75: L2 | AA75: OÑATE NUÑEZ, SANTIAGO PROT | AB75: OÑATE NUÑEZ, SANTIAGO PROT
A76: BOX1 | AA76: BELLON HERNANDEZ, LUIS | AB76: BELLON HERNANDEZ, LUIS | AC76: BELLON HERNANDEZ, LUIS
A77: L1 | AB77: OPORTE CALDERON, JERMAIN MANUEL
A78: L3 | AB78: DE LLAMES RODRÍGUEZ, ANGEL Tarde
A79: L1 | AB79: ABAD GARCIA, FRANCISCO JAVIER
A80: L1 | AC80: ALISTE DIAZ, ENRIQUE
A81: L1 | AC81: ABAD GARCIA, FRANCISCO JAVIER | AF81: ABAD GARCIA, FRANCISCO JAVIER | AG81: ABAD GARCIA, FRANCISCO JAVIER | AH81: ABAD GARCIA, FRANCISCO JAVIER
A82: L4 | AC82: ROMERO GONZALEZ, VICTOR
A83: L5 | AC83: SANCHEZ PANIAGUA, JOSE MARIA
A84: L3 | AF84: CASTAÑO GARCIA, ANDRES FELIPE | AG84: CASTAÑO GARCIA, ANDRES FELIPE | AH84: CASTAÑO GARCIA, ANDRES FELIPE | AM84: CASTAÑO GARCIA, ANDRES FELIPE
A85: L3 | AF85: NUÑEZ CABALLERO, RICARDO | AG85: NUÑEZ CABALLERO, RICARDO | AH85: NUÑEZ CABALLERO, RICARDO | AM85: NUÑEZ CABALLERO, RICARDO
A86: L3 | AF86: CORPAS RAMIRO, ALVARO | AG86: CORPAS RAMIRO, ALVARO | AH86: CORPAS RAMIRO, ALVARO
A87: BOX1 | AF87: MORENO ARENAS, LUIS
A88: S05 | AF88: SARTI NAVARRO, LIDIA
A89: S05 | AF89: SOLERA RISCO, IARA
A90: L1 | AF90: GARCIA GUTIERREZ, ADRIAN
A91: L5 | AF91: CASTELLANOS RODRIGUEZ, NELSON ANDRES
A92: S05 | AG92: SOLERA RISCO, IARA | AH92: SOLERA RISCO, IARA
A93: S05 | AG93: Faysal Kasmi | AH93: Faysal Kasmi
A94: L4 | AG94: EL BOUKURI, ANAS
A95: L1 | AG95: VICENTE MARTIN, JUAN MAURICIO
A96: L5 | AG96: DELOS SANTOS MARQUEZ, FRANCISCO M.
A97: L1 | AG97: GARCIA GUTIERREZ, ADRIAN
A98: L4 | AG98: JIMENEZ LOPEZ , FERNANDO
A99: L1
A100: L4 | AM100: UREÑA PORTERO, JAVIER
...

Sheet Linea 1
A1: Producción - Electricidad - T1 | B1: ID Operario | C1: Producción - Electricidad T2 | D1: Producción - T1 | E1: Producción - T2 | F1: Total operarios | J1: Categoría | K1: Cantidad
A2: =SUMPRODUCT((D5:D9994="Producción - Electricidad")*(E5:E9994="OK")*(F5:F9994="T1")*(1+ISNUMBER(H5:H9994)*((0.2+0.3*(IFERROR((TODAY()-H5:H9994)/30.44,0)>3)+0.25*(IFERROR((TODAY()-H5:H9994)/30.44,0)>6)+0.25*(IFERROR((TODAY()-H5:H9994)/30.44,0)>9))-1))) -> 4 | C2: =SUMPRODUCT((D5:D9994="Producción - Electricidad")*(E5:E9994="OK")*(F5:F9994="T2")*(1+ISNUMBER(H5:H9994)*((0.2+0.3*(IFERROR((TODAY()-H5:H9994)/30.44,0)>3)+0.25*(IFERROR((TODAY()-H5:H9994)/30.44,0)>6)+0.25*(IFERROR((TODAY()-H5:H9994)/30.44,0)>9))-1))) -> 5 | D2: =SUMPRODUCT((D5:D9994="Producción")*(E5:E9994="OK")*(F5:F9994="T1")*(1+ISNUMBER(H5:H9994)*((0.2+0.3*(IFERROR((TODAY()-H5:H9994)/30.44,0)>3)+0.25*(IFERROR((TODAY()-H5:H9994)/30.44,0)>6)+0.25*(IFERROR((TODAY()-H5:H9994)/30.44,0)>9))-1))) -> 6 | E2: =SUMPRODUCT((D5:D9994="Producción")*(E5:E9994="OK")*(F5:F9994="T2")*(1+ISNUMBER(H5:H9994)*((0.2+0.3*(IFERROR((TODAY()-H5:H9994)/30.44,0)>3)+0.25*(IFERROR((TODAY()-H5:H9994)/30.44,0)>6)+0.25*(IFERROR((TODAY()-H5:H9994)/30.44,0)>9))-1))) -> 9 | F2: =SUM(A2:E2) -> 24 | J2: Elec-T1 | K2: =A2 -> 4
J3: Elec-T2 | K3: =C2 -> 5
A4: Cantidad | B4: ID Operario | C4: Nombre | D4: Departamento | E4: Estado | F4: Turno | G4: Linea | H4: ETT | I4: Fecha | J4: Prod-T1 | K4: =D2 -> 6
A5: 1 | B5: DFM | C5: FERNANDEZ MARINA, DAVID | D5: Producción/baja | E5: Baja | F5: T1 | G5: L1 | H5: Sindicato | I5: Sindicato | J5: Prod-T2 | K5: =E2 -> 9
A6: 2 | B6: CGM | C6: GOMEZ MARIN, CRISTIAN | D6: Producción/baja | E6: Baja | F6: T1 | G6: L1
A7: 3 | B7: RDSM | C7: DA SILVA MEDEIROS, RODRIGO (Paternidad) | D7: Producción - Electricidad baja | E7: Baja | F7: T1 | G7: L1
A8: 4 | B8: JLRJ | C8: RODRIGUEZ JARILLO, JOSE LUIS | D8: Producción - Electricidad baja | E8: Baja | F8: T1 | G8: L1
A9: 5 | C9: BAÑOS RAFAEL | D9: Producción | E9: Jefe | F9: T1 | G9: L1
A10: 6 | B10: APHI | C10: PASCUAL HIGUERAS, ANGEL | D10: Producción | E10: OK | F10: T1 | G10: L1
A11: 8 | B11: SDU | C11: DORADO UBEDA , SAMUEL | D11: Producción | E11: OK | F11: T1 | G11: L1
A12: 9 | B12: JAPE | C12: PICHARDO ESPINA , JOSE ANTONIO | D12: Producción | E12: OK | F12: T1 | G12: L1
A13: 10 | B13: RPG | C13: PRIETO GRANADOS, RICARDO | D13: Producción | E13: OK | F13: T1 | G13: L1 | H13: ETT | I13: 46076
A14: 11 | B14: ARR | C14: RODRIGUEZ RODRIGUEZ, ALBERTO | D14: Producción | E14: OK | F14: T1 | G14: L1
A15: 12 | B15: JMVM | C15: VICENTE MARTIN, JUAN MAURICIO | D15: Producción | E15: OK | F15: T1 | G15: L1
A16: 13 | B16: AGG | C16: GARCIA GUTIERREZ, ADRIAN | D16: Producción - Electricidad | E16: OK | F16: T1 | G16: L1
A17: 14 | B17: FJL | C17: JIMENEZ LOPEZ , FERNANDO | D17: Producción - Electricidad | E17: OK | F17: T1 | G17: L1 | H17: Sindicato | I17: Sindicato
A18: 15 | B18: AJRH | C18: REAL HERNANDEZ, ALEXIS JESUS | D18: Producción - Electricidad | E18: OK | F18: T1 | G18: L1
A19: 16 | B19: JJVO | C19: VASQUEZ ORTEGA, JUAN JOSE | D19: Producción - Electricidad | E19: OK | F19: T1 | G19: L1 | H19: ETT | I19: 46195
A20: 17 | B20: ADPG | C20: DE PABLO, ANTONIO | D20: Producción | E20: Jefe | F20: T2 | G20: L1
A21: 18 | B21: MACG | C21: CONEJO GARCIA, MIGUEL ANGEL | D21: Producción | E21: OK | F21: T2 | G21: L1
A22: 19 | B22: VMGP | C22: GALLEGO PRIETO, VICTOR MANUEL | D22: Producción | E22: OK | F22: T2 | G22: L1
A23: 20 | B23: ABF | C23: BALQUEZ FERNANDEZ, ANGEL Calidad | D23: Producción | E23: OK | F23: T2 | G23: L1
A24: 21 | B24: FJAG | C24: ABAD GARCIA, FRANCISCO JAVIER | D24: Producción | E24: OK | F24: T2 | G24: L1
A25: 22 | B25: DAP | C25: PANASITI, DIEGO ANTONIO | D25: Producción | E25: OK | F25: T2 | G25: L1
A26: 23 | B26: HAVR | C26: VARE LA RIVA, HERNAN ALEJANDRO | D26: Producción | E26: OK | F26: T2 | G26: L1 | H26: ETT | I26: 46081
A27: 24 | B27: EAD | C27: ALISTE DIAZ, ENRIQUE | D27: Producción | E27: OK | F27: T2 | G27: L1 | H27: ETT | I27: 46084
A28: 25 | B28: AVT | C28: VAZQUEZ TORREJON, ARANZAZU | D28: Producción | E28: OK | F28: T2 | G28: L1 | H28: ETT | I28: 46084
A29: 26 | B29: AGR | C29: GARCIA RUZ, ALVARO BATERIAS | D29: Producción | E29: OK | F29: T2 | G29: L1
A30: 27 | B30: FLV | C30: LUQUE VILLOLDO, FRANCISCO L5 | D30: Producción - Electricidad | E30: OK | F30: T2 | G30: L1
A31: 28 | B31: LRPR | C31: RODRIGUZ PALANCAS RAMIREZ, LOURDES | D31: Producción - Electricidad | E31: OK | F31: T2 | G31: L1
A32: 29 | B32: JROB | C32: OLMO BASTANTE, JOSE RAUL | D32: Producción - Electricidad | E32: OK | F32: T2 | G32: L1
A33: 30 | B33: ICL | C33: CHAVES LEMETRE, ISMAEL JOSE | D33: Producción - Electricidad | E33: OK | F33: T2 | G33: L1 | H33: ETT | I33: 46048
A34: 31 | B34: ARDC | C34: RODRIGUES DE CARVALHO, ANDRE L3 | D34: Producción - Electricidad | E34: OK | F34: T2 | G34: L1 | H34: ETT | I34: 46167

Sheet Linea 2
A1: Producción - Electricidad - T1 | B1: ID Operario | C1: Producción - Electricidad T2 | D1: Producción - T1 | E1: Producción - T2 | F1: Total operarios | J1: Categoría | K1: Cantidad
A2: =SUMPRODUCT((D5:D9992="Producción - Electricidad")*(E5:E9992="OK")*(F5:F9992="T1")*(1+ISNUMBER(H5:H9992)*((0.2+0.3*(IFERROR((TODAY()-H5:H9992)/30.44,0)>3)+0.25*(IFERROR((TODAY()-H5:H9992)/30.44,0)>6)+0.25*(IFERROR((TODAY()-H5:H9992)/30.44,0)>9))-1))) -> 3 | C2: =SUMPRODUCT((D5:D9992="Producción - Electricidad")*(E5:E9992="OK")*(F5:F9992="T2")*(1+ISNUMBER(H5:H9992)*((0.2+0.3*(IFERROR((TODAY()-H5:H9992)/30.44,0)>3)+0.25*(IFERROR((TODAY()-H5:H9992)/30.44,0)>6)+0.25*(IFERROR((TODAY()-H5:H9992)/30.44,0)>9))-1))) -> 4 | D2: =SUMPRODUCT((D5:D9992="Producción")*(E5:E9992="OK")*(F5:F9992="T1")*(1+ISNUMBER(H5:H9992)*((0.2+0.3*(IFERROR((TODAY()-H5:H9992)/30.44,0)>3)+0.25*(IFERROR((TODAY()-H5:H9992)/30.44,0)>6)+0.25*(IFERROR((TODAY()-H5:H9992)/30.44,0)>9))-1))) -> 9 | E2: =SUMPRODUCT((D5:D9992="Producción")*(E5:E9992="OK")*(F5:F9992="T2")*(1+ISNUMBER(H5:H9992)*((0.2+0.3*(IFERROR((TODAY()-H5:H9992)/30.44,0)>3)+0.25*(IFERROR((TODAY()-H5:H9992)/30.44,0)>6)+0.25*(IFERROR((TODAY()-H5:H9992)/30.44,0)>9))-1))) -> 9 | F2: =SUM(A2:E2) -> 25 | J2: Elec-T1 | K2: =A2 -> 3
J3: Elec-T2 | K3: =C2 -> 4
A4: Cantidad | B4: ID Operario | C4: Nombre | D4: Departamento | E4: Estado | F4: Turno | G4: Linea | H4: ETT | I4: Fecha | J4: Prod-T1 | K4: =D2 -> 9
A5: 1 | C5: Carlos García | D5: Producción | E5: Jefe | F5: T1 | G5: L2 | J5: Prod-T2 | K5: =E2 -> 9
A6: 2 | B6: MJPC | C6: PERALES CERVERA, Mª JESUS | D6: Producción | E6: OK | F6: T1 | G6: L2
A7: 3 | B7: JFSV | C7: SAEZ VARA, JUAN FELIX | D7: Producción | E7: OK | F7: T1 | G7: L2
A8: 4 | B8: HVG | C8: VARGAS GUTIERREZ, HUGO | D8: Producción | E8: OK | F8: T1 | G8: L2 | H8: ETT | I8: 46029
A9: 5 | B9: DRDP | C9: DINU POP, DENIS RAZVAN | D9: Producción | E9: OK | F9: T1 | G9: L2 | H9: ETT | I9: 46048
A10: 6 | B10: CGV | C10: GÓMEZ VICOU, CHRISTIAN | D10: Producción | E10: OK | F10: T1 | G10: L2 | H10: ETT | I10: 46062
A11: 7 | B11: AALO | C11: APARICIO LOSADA, ALICIA | D11: Producción | E11: OK | F11: T1 | G11: L2 | H11: ETT | I11: 46167
A12: 8 | B12: JSM | C12: SANCHEZ MADRIGAL, JAVIER BATERIAS | D12: Producción | E12: OK | F12: T1 | G12: L2
A13: 9 | B13: SNK | C13: NGANDU KABONGO, SANDERS | D13: Producción | E13: OK | F13: T1 | G13: L2 | H13: ETT | I13: 46188
A14: 10 | B14: AFPB | C14: PÁLAMO BOJE, ÁLVARO FELIPE | D14: Producción | E14: OK | F14: T1 | G14: L2 | H14: ETT | I14: 46188
A15: 11 | B15: DMQ | C15: MARTIN QUINTERO, DAVID | D15: Producción - Electricidad | E15: OK | F15: T1 | G15: L2
A16: 12 | B16: LEGE | C16: GUANILLO ESQUECHE, LUIS ENRIQUE | D16: Producción - Electricidad - L3 | E16: OK | F16: T1 | G16: L2
A17: 13 | B17: BAJM | C17: MARQUES JABATO, BLANCA AMALIA | D17: Producción - Electricidad | E17: OK | F17: T1 | G17: L2
A18: 14 | B18: VNT | C18: NIETO TRUJILLO, VALENTIN | D18: Producción - Electricidad - L3 | E18: OK | F18: T1 | G18: L2
A19: 15 | B19: VMMC | C19: MORENO CRUZ, VICTOR MANUEL | D19: Producción - Electricidad | E19: OK | F19: T1 | G19: L2 | H19: Sindicato | I19: Sindicato
A20: 16 | B20: RMPH | C20: PALACIOS HARO, ROSA MARIA | D20: Producción/Baja | E20: Baja | F20: T1 | G20: L2
A21: 17 | C21: GARCIA, SERGIO | D21: Producción | E21: Jefe | F21: T2 | G21: L2
A22: 18 | B22: AFM | C22: FERNANDEZ MARINA, ALBERTO (SOLO TARDE) | D22: Producción/Baja | E22: OK | F22: T2 | G22: L2
A23: 19 | B23: ALGP | C23: GERRERO PANTOJA, ANGEL LUIS | D23: Producción | E23: OK | F23: T2 | G23: L2
A24: 20 | B24: ILT | C24: LOZANO TORREJON, ISMAEL | D24: Producción | E24: OK | F24: T2 | G24: L2
A25: 21 | B25: SCM | C25: CORDON MORENO, SAMUEL | D25: Producción | E25: OK | F25: T2 | G25: L2
A26: 22 | B26: PFL | C26: FERNANDEZ LAGARTERA, PEDRO | D26: Producción | E26: OK | F26: T2 | G26: L2 | H26: ETT | I26: 46055
A27: 23 | B27: SLP | C27: LOBON PERALES, SERGIO | D27: Producción | E27: OK | F27: T2 | G27: L2
A28: 24 | B28: VBY | C28: BINTOV YOCHEV, VESELIN | D28: Producción | E28: OK | F28: T2 | G28: L2
A29: 25 | B29: MGS | C29: GARCIA SILGADO, MARTIN | D29: Producción | E29: OK | F29: T2 | G29: L2 | H29: ETT | I29: 46055
A30: 26 | B30: DAL | C30: ASENSIO LUENGO, DANIEL | D30: Producción | E30: OK | F30: T2 | G30: L2 | H30: ETT | I30: 45965
A31: 27 | B31: PVD | C31: VALLEJO DIAZ, PAULA | D31: Producción | E31: OK | F31: T2 | G31: L2 | H31: ETT | I31: 46146
A32: 28 | B32: JATS | C32: TORREJON SANZ, JUAN ANTONIO | D32: Producción - Electricidad | E32: OK | F32: T2 | G32: L2
A33: 29 | B33: RHG | C33: HERNANDO GONZALEZ, RAUL | D33: Producción - Electricidad | E33: OK | F33: T2 | G33: L2
A34: 30 | B34: RCS | C34: SARDAN, ROBERT CRISTIAN | D34: Producción - Electricidad - L3 | E34: OK | F34: T2 | G34: L2 | H34: ETT | I34: 46132
A35: 31 | B35: SON | C35: OÑATE NUÑEZ, SANTIAGO | D35: Producción - Electricidad | E35: OK | F35: T2 | G35: L2 | H35: PAVONI | I35: 46146
A36: 32 | B36: CCL | C36: CATALINA LOARCE, CESAR | D36: Producción - Electricidad | E36: OK | F36: T2 | G36: L2 | H36: ETT | I36: 46181

Sheet Linea 3
A1: Producción - Electricidad - T1 | B1: ID Operario | C1: Producción - Electricidad T2 | D1: Producción - T1 | E1: Producción - T2 | F1: Total operarios | J1: Categoría | K1: Cantidad
A2: =SUMPRODUCT((D5:D9994="Producción - Electricidad")*(E5:E9994="OK")*(F5:F9994="T1")*(1+ISNUMBER(H5:H9994)*((0.2+0.3*(IFERROR((TODAY()-H5:H9994)/30.44,0)>3)+0.25*(IFERROR((TODAY()-H5:H9994)/30.44,0)>6)+0.25*(IFERROR((TODAY()-H5:H9994)/30.44,0)>9))-1))) -> 6 | C2: =SUMPRODUCT((D5:D9994="Producción - Electricidad")*(E5:E9994="OK")*(F5:F9994="T2")*(1+ISNUMBER(H5:H9994)*((0.2+0.3*(IFERROR((TODAY()-H5:H9994)/30.44,0)>3)+0.25*(IFERROR((TODAY()-H5:H9994)/30.44,0)>6)+0.25*(IFERROR((TODAY()-H5:H9994)/30.44,0)>9))-1))) -> 5 | D2: =SUMPRODUCT((D5:D9994="Producción")*(E5:E9994="OK")*(F5:F9994="T1")*(1+ISNUMBER(H5:H9994)*((0.2+0.3*(IFERROR((TODAY()-H5:H9994)/30.44,0)>3)+0.25*(IFERROR((TODAY()-H5:H9994)/30.44,0)>6)+0.25*(IFERROR((TODAY()-H5:H9994)/30.44,0)>9))-1))) -> 7 | E2: =SUMPRODUCT((D5:D9994="Producción")*(E5:E9994="OK")*(F5:F9994="T2")*(1+ISNUMBER(H5:H9994)*((0.2+0.3*(IFERROR((TODAY()-H5:H9994)/30.44,0)>3)+0.25*(IFERROR((TODAY()-H5:H9994)/30.44,0)>6)+0.25*(IFERROR((TODAY()-H5:H9994)/30.44,0)>9))-1))) -> 7 | F2: =SUM(A2:E2) -> 25 | J2: Elec-T1 | K2: =A2 -> 6
J3: Elec-T2 | K3: =C2 -> 5
A4: Cantidad | B4: ID Operario | C4: Nombre | D4: Departamento | E4: Estado | F4: Turno | G4: Linea | H4: ETT | I4: Fecha | J4: Prod-T1 | K4: =D2 -> 7
A5: 1 | C5: BLANCO, JAVIER | D5: Producción | E5: Jefe | F5: T1 | G5: L3 | J5: Prod-T2 | K5: =E2 -> 7
A6: 2 | B6: JVM | C6: VILLARREAL MATEO, JORGE | D6: Producción/baja | E6: OK | F6: T1 | G6: L3
A7: 3 | B7: CAL | C7: APARICIO LEON, CESAR ANTONIO | D7: Producción | E7: OK | F7: T1 | G7: L3
A8: 4 | B8: DCCA | C8: CERRADA CANALES, DANIEL | D8: Producción | E8: OK | F8: T1 | G8: L3 | H8: ETT | I8: 46125
A9: 5 | B9: ADLR | C9: DE LLAMES RODRÍGUEZ, ANGEL | D9: Producción | E9: OK | F9: T1 | G9: L3 | H9: ETT | I9: 46076
A10: 6 | B10: MJJ | C10: JIMENEZ JURADO, MATEO | D10: Producción | E10: OK | F10: T1 | G10: L3
A11: 7 | B11: RPE | C11: PUEBLA ESPINOSA, RAUL | D11: Producción | E11: OK | F11: T1 | G11: L3
A12: 8 | B12: FJRR | C12: RODRIGUEZ REYES, FRANCISCO JAVIER | D12: Producción | E12: OK | F12: T1 | G12: L3 | H12: ETT | I12: 46076
A13: 9 | B13: ISAC | C13: SANCHEZ CARMENA, IVAN | D13: Producción | E13: OK | F13: T1 | G13: L3
A14: 10 | B14: DBDR | C14: BARROSO DE ROA, DANIEL | D14: Producción - Electricidad | E14: OK | F14: T1 | G14: L3 | H14: Sindicato | I14: Sindicato
A15: 11 | B15: DGC | C15: GALAN CARRASCO, DAVID | D15: Producción - Electricidad | E15: OK | F15: T1 | G15: L3 | H15: PAVONI | I15: 46181
A16: 12 | B16: AHB | C16: HERNANDEZ BARGUEÑO, ALBERTO | D16: Producción - Electricidad | E16: OK | F16: T1 | G16: L3
A17: 13 | B17: CJC | C17: JUANES CARMONA, CHRISTIAN | D17: Producción - Electricidad | E17: OK | F17: T1 | G17: L3
A18: 14 | B18: CRJ | C18: RODRIGUZ JIMENEZ, CRISTIAN | D18: Producción - Electricidad | E18: OK | F18: T1 | G18: L3
A19: 15 | B19: HSC | C19: SAEZ CONDE, HUGO | D19: Producción - Electricidad | E19: OK | F19: T1 | G19: L3 | H19: PAVONI | I19: 46202
A20: 16 | C20: GARCIA CRESPO, JORGE | D20: Producción | E20: Jefe | F20: T2 | G20: L3
A21: 17 | B21: RNC | C21: NUÑEZ CABALLERO, RICARDO | D21: Producción/baja | E21: OK | F21: T2 | G21: L3
A22: 18 | B22: AFCG | C22: CASTAÑO GARCIA, ANDRES FELIPE | D22: Producción | E22: OK | F22: T2 | G22: L3
A23: 19 | B23: JFR | C23: FERNANDEZ RAMIREZ, JORGE | D23: Producción/baja | E23: OK | F23: T2 | G23: L3
A24: 20 | B24: IFF | C24: FERRER FERNANDEZ, IVAN | D24: Producción | E24: OK | F24: T2 | G24: L3
A25: 21 | B25: SLMM | C25: LOPEZ MONTERO MORENO, SONIA | D25: Producción | E25: OK | F25: T2 | G25: L3
A26: 22 | B26: ACR | C26: CORPAS RAMIRO, ALVARO | D26: Producción | E26: OK | F26: T2 | G26: L3
A27: 23 | B27: JJRO | C27: RODRIGUEZ ORDUÑEZ, JESUS JAVIER | D27: Producción | E27: OK | F27: T2 | G27: L3
A28: 24 | B28: ADPL | C28: DE PABLO LEAL, ADRIAN | D28: Producción | E28: OK | F28: T2 | G28: L3 | H28: ETT | I28: 46084
A29: 25 | B29: MJME | C29: MORILLO ERAZO, MARCELO JAVIER | D29: Producción | E29: OK | F29: T2 | G29: L3 | H29: ETT | I29: 46119
A30: 26 | B30: DHLB | C30: HERNANDEZ LOPEZ-BALTASAR, DAVID | D30: Producción - Electricidad | E30: OK | F30: T2 | G30: L3 | H30: ETT | I30: 46069
A31: 27 | B31: ABM | C31: BENAIGUES MENA, ANGEL | D31: Producción - Electricidad | E31: OK | F31: T2 | G31: L3
A32: 28 | B32: FJPP | C32: PASCUAL PLAZA, FRANCISCO JOSE | D32: Producción - Electricidad | E32: OK | F32: T2 | G32: L3
A33: 29 | B33: JJRM | C33: RUIZ MARTINEZ, JUAN JOSE | D33: Producción - Electricidad | E33: OK | F33: T2 | G33: L3
A34: 30 | B34: MDVO | C34: VILLANUEVA OLMEDO, Mª DOLORES | D34: Producción - Electricidad | E34: OK | F34: T2 | G34: L3 | H34: PAVONI | I34: 46146

Sheet Linea 4
A1: Producción - Electricidad - T1 | C1: Producción - Electricidad T2 | D1: Producción - T1 | E1: Producción - T2 | F1: Total operarios | J1: Categoría | K1: Cantidad | M1: 1 | N1: Cubos
A2: =SUMPRODUCT((D5:D9991="Producción - Electricidad")*(E5:E9991="OK")*(F5:F9991="T1")*(1+ISNUMBER(H5:H9991)*((0.2+0.3*(IFERROR((TODAY()-H5:H9991)/30.44,0)>3)+0.25*(IFERROR((TODAY()-H5:H9991)/30.44,0)>6)+0.25*(IFERROR((TODAY()-H5:H9991)/30.44,0)>9))-1))) -> 2 | C2: =SUMPRODUCT((D5:D9991="Producción - Electricidad")*(E5:E9991="OK")*(F5:F9991="T2")*(1+ISNUMBER(H5:H9991)*((0.2+0.3*(IFERROR((TODAY()-H5:H9991)/30.44,0)>3)+0.25*(IFERROR((TODAY()-H5:H9991)/30.44,0)>6)+0.25*(IFERROR((TODAY()-H5:H9991)/30.44,0)>9))-1))) -> 3 | D2: =SUMPRODUCT((D5:D9991="Producción")*(E5:E9991="OK")*(F5:F9991="T1")*(1+ISNUMBER(H5:H9991)*((0.2+0.3*(IFERROR((TODAY()-H5:H9991)/30.44,0)>3)+0.25*(IFERROR((TODAY()-H5:H9991)/30.44,0)>6)+0.25*(IFERROR((TODAY()-H5:H9991)/30.44,0)>9))-1))) -> 4 | E2: =SUMPRODUCT((D5:D9991="Producción")*(E5:E9991="OK")*(F5:F9991="T2")*(1+ISNUMBER(H5:H9991)*((0.2+0.3*(IFERROR((TODAY()-H5:H9991)/30.44,0)>3)+0.25*(IFERROR((TODAY()-H5:H9991)/30.44,0)>6)+0.25*(IFERROR((TODAY()-H5:H9991)/30.44,0)>9))-1))) -> 5 | F2: =SUM(A2:E2) -> 14 | J2: Elec-T1 | K2: =A2 -> 2 | M2: 1 | N2: 0
J3: Elec-T2 | K3: =C2 -> 3
A4: Cantidad | B4: ID Operario | C4: Nombre | D4: Departamento | E4: Estado | F4: Turno | G4: Linea | H4: ETT | I4: Fecha | J4: Prod-T1 | K4: =D2 -> 4
A5: 1 | C5: SANTURDE, DAVID | D5: Producción - Electricidad | E5: Jefe | F5: T1 | G5: L4 | J5: Prod-T2 | K5: =E2 -> 5
A6: 2 | B6: SMGA | C6: MATEO GARCIA, SANDRA | D6: Producción | E6: OK | F6: T1 | G6: L4
A7: 3 | B7: TO | C7: OUHABI, TARIK | D7: Producción | E7: OK | F7: T1 | G7: L4
A8: 4 | B8: NQG | C8: QUINTANA GONZALEZ, NAIARA | D8: Producción | E8: OK | F8: T1 | G8: L4 | H8: ETT | I8: 46084
A9: 5 | B9: ISCO | C9: SILVIU CONSTANTIN, IOSIF - NO SE RENUEVA | D9: Producción | E9: OK | F9: T1 | G9: L4 | H9: ETT | I9: 46161
A10: 6 | C10: NICULA, STEFAN | D10: Producción - BAJA | E10: OK | F10: T1 | G10: L4 | H10: ETT | I10: 46188
A11: 7 | B11: ACJ | C11: CINTADO JIMENEZ, AGUEDA | D11: Producción - Electricidad | E11: OK | F11: T1 | G11: L4
A12: 8 | B12: AHG | C12: HERRANDO GARCIA, ALBERTO | D12: Producción - Electricidad | E12: OK | F12: T1 | G12: L4
A13: 9 | B13: DTF | C13: TAPIAS FRANCO, DANIELA | D13: Producción - Electricidad | E13: OK | F13: T1 | G13: L4 | H13: D | I13: 46146
A14: 10 | B14: LAC | C14: AGUADO CABALLERO, LUCIA | D14: Producción - Electricidad | E14: OK | F14: T1 | G14: L4 | H14: ETT | I14: 46167
A15: 11 | B15: FJLP | C15: LEON PADILLO, FRANCISCO JAVIER | D15: Producción - Electricidad - BAJA | E15: Baja | F15: T1 | G15: L4
A16: 12 | B16: JLP | C16: UREÑA PORTERO, JAVIER Paternidad | D16: Producción/Baja | E16: Baja | F16: T1 | G16: L4
A17: 13 | C17: HERNANDEZ, LUIS MIGUEL | D17: Producción | E17: Jefe | F17: T2 | G17: L4
A18: 14 | B18: AMGA | C18: MARTIN GARCIA, ALEJANDRO | D18: Producción | E18: OK | F18: T2 | G18: L4
A19: 15 | B19: RRB | C19: RODRIGUEZ BERLINCHES, REGINO | D19: Producción | E19: OK | F19: T2 | G19: L4 | H19: ETT | I19: 46132
A20: 16 | B20: PJNM | C20: NUNES MARIA, PAULO JORGE Vacaciones | D20: Producción | E20: OK | F20: T2 | G20: L4
A21: 17 | B21: VRG | C21: ROMERO GONZALEZ, VICTOR | D21: Producción | E21: OK | F21: T2 | G21: L4
A22: 18 | B22: AAOV | C22: APARICIO ORTEGA VILLAIZAN, ALEJANDRO | D22: Producción | E22: OK | F22: T2 | G22: L4 | H22: ETT | I22: 46174
A23: 19 | B23: AAB | C23: ARENAS BUIZA, ANGEL | D23: Producción - Electricidad | E23: OK | F23: T2 | G23: L4
A24: 21 | B24: MOH | C24: OCHKIF EL HELALI, MOHAMED | D24: Producción - Electricidad | E24: OK | F24: T2 | G24: L4 | H24: ETT | I24: 46181
A25: 22 | B25: ALGN | C25: GARCIA NEVES, ALEJANDRA (Panelado) | D25: Producción/Panelado | E25: OK | F25: T2 | G25: L4
A26: 23 | B26: FSGR | C26: GONZALEZ RIOS, FRANK STIBEN | D26: Producción/Baja | E26: Baja | F26: T1 | G26: L4 | H26: ETT | I26: 46203
A27: 24 | B27: IFE | C27: IVAN FERNANDEZ ESPINOSA | D27: Producción - Electricidad | E27: OK | F27: T2 | G27: L4 | H27: ETT | I27: 46153

Sheet Linea 5
A1: Producción - Electricidad - T1 | B1: ID Operario | C1: Producción - Electricidad T2 | D1: Producción - T1 | E1: Producción - T2 | F1: Total operarios | J1: Categoría | K1: Cantidad
A2: =SUMPRODUCT((D5:D194="Producción - Electricidad")*(E5:E194="OK")*(F5:F194="T1")*(1+ISNUMBER(H5:H194)*((0.2+0.3*(IFERROR((TODAY()-H5:H194)/30.44,0)>3)+0.25*(IFERROR((TODAY()-H5:H194)/30.44,0)>6)+0.25*(IFERROR((TODAY()-H5:H194)/30.44,0)>9))-1))) -> 5 | C2: =SUMPRODUCT((D5:D194="Producción - Electricidad")*(E5:E194="OK")*(F5:F194="T2")*(1+ISNUMBER(H5:H194)*((0.2+0.3*(IFERROR((TODAY()-H5:H194)/30.44,0)>3)+0.25*(IFERROR((TODAY()-H5:H194)/30.44,0)>6)+0.25*(IFERROR((TODAY()-H5:H194)/30.44,0)>9))-1))) -> 3 | D2: =SUMPRODUCT((D5:D194="Producción")*(E5:E194="OK")*(F5:F194="T1")*(1+ISNUMBER(H5:H194)*((0.2+0.3*(IFERROR((TODAY()-H5:H194)/30.44,0)>3)+0.25*(IFERROR((TODAY()-H5:H194)/30.44,0)>6)+0.25*(IFERROR((TODAY()-H5:H194)/30.44,0)>9))-1))) -> 8 | E2: =SUMPRODUCT((D5:D194="Producción")*(E5:E194="OK")*(F5:F194="T2")*(1+ISNUMBER(H5:H194)*((0.2+0.3*(IFERROR((TODAY()-H5:H194)/30.44,0)>3)+0.25*(IFERROR((TODAY()-H5:H194)/30.44,0)>6)+0.25*(IFERROR((TODAY()-H5:H194)/30.44,0)>9))-1))) -> 6 | F2: =SUM(A2:E2) -> 22 | J2: Elec-T1 | K2: =A2 -> 5
J3: Elec-T2 | K3: =C2 -> 3
A4: Cantidad | B4: ID Operario | C4: Nombre | D4: Departamento | E4: Estado | F4: Turno | G4: Linea | H4: ETT | I4: Fecha | J4: Prod-T1 | K4: =D2 -> 8
A5: 1 | C5: ROMERO , ANTONIO ALFREDO | D5: Producción | E5: Jefe | F5: T1 | G5: L5 | J5: Prod-T2 | K5: =E2 -> 6
A6: 2 | B6: FMDLSM | C6: DELOS SANTOS MARQUEZ, FRANCISCO M. | D6: Producción | E6: OK | F6: T1 | G6: L5
A7: 3 | B7: IBM | C7: BLANCO MARTIN, ISMAEL | D7: Producción | E7: OK | F7: T1 | G7: L5
A8: 4 | B8: JJBC | C8: BENTACOURT CARDONA, JOSE JAIME | D8: Producción | E8: OK | F8: T1 | G8: L5
A9: 5 | B9: NACR | C9: CASTELLANOS RODRIGUEZ, NELSON ANDRES | D9: Producción | E9: OK | F9: T1 | G9: L5 | H9: ETT | I9: 46062
A10: 6 | B10: ADCE | C10: DORADO DEL CERRO, AISHA | D10: Producción | E10: OK | F10: T1 | G10: L5 | H10: ETT | I10: 46084
A11: 7 | B11: JSBC | C11: BETANCUR CASTRO, JHON STIVEN | D11: Producción | E11: OK | F11: T1 | G11: L5 | H11: ETT | I11: 46062
A12: 8 | B12: MBO | C12: BOUHAZAMA, MOHAMED Pasa a L2 semana S25 - Idioma - ¿Tecnico? | D12: Producción | E12: OK | F12: T1 | G12: L5 | H12: ETT | I12: 46181
A13: 10 | B13: NCM | C13: CAMPOS MARTÍN, NAYARA | D13: Producción | E13: OK | F13: T1 | G13: L5 | H13: ETT | I13: 46188
A14: 11 | B14: RARL | C14: ARAGONES LOPEZ, RICARDO | D14: Producción - Electricidad | E14: OK | F14: T1 | G14: L5
A15: 12 | B15: KAGG | C15: GORDILLO GUERRERO, KEVIN ALEXANDER | D15: Producción - Electricidad | E15: OK | F15: T1 | G15: L5
A16: 13 | B16: JLSM | C16: SANCHEZ MURILLO, JOSE LUIS | D16: Producción - Electricidad | E16: OK | F16: T1 | G16: L5
A17: 14 | B17: DMO | C17: MANZANERO OCAÑA, DAVID | D17: Producción - Electricidad | E17: OK | F17: T1 | G17: L5 | H17: PAVONI | I17: 46146
A18: 15 | B18: FJRG | C18: RUIZ GARCIA , FRANCISCO JAVIER | D18: Producción - Electricidad | E18: OK | F18: T1 | G18: L5
A19: 16 | C19: JARA VERA, OSCAR ANDRES | D19: Producción | E19: Jefe | F19: T2 | G19: L5
A20: 17 | B20: EMJ | C20: MARTIN JIMENEZ, ESTEBAN | D20: Producción | E20: OK | F20: T2 | G20: L5
A21: 18 | B21: PPSC | C21: SANCHEZ CENAMOR, PEDRO PABLO | D21: Producción | E21: OK | F21: T2 | G21: L5
A22: 19 | B22: DSM | C22: SANZ MELERO, DANIEL | D22: Producción | E22: OK | F22: T2 | G22: L5 | H22: ETT | I22: 45979
A23: 20 | B23: SMJ | C23: MARTINEZ JAIME, SEBASTIAN | D23: Producción | E23: OK | F23: T2 | G23: L5 | H23: ETT | I23: 46090
A24: 21 | B24: JAPP | C24: PUEBLA PINILLOS, JUAN ANTONIO | D24: Producción | E24: OK | F24: T2 | G24: L5 | H24: ETT | I24: 46090
A25: 22 | B25: JAM | C25: APARICIO MIJARRA, JULIAN | D25: Producción | E25: OK | F25: T2 | G25: L5 | H25: ETT | I25: 46119
A26: 23 | B26: CMOM | C26: MOYANO MORCILLO, CHRISTIAN | D26: Producción - Electricidad | E26: OK | F26: T2 | G26: L5
A27: 24 | B27: JMPS | C27: SANCHEZ PANIAGUA, JOSE MARIA Vacaciones | D27: Producción - Electricidad | E27: OK | F27: T2 | G27: L5
A28: 25 | B28: OHFD | C28: FRANCO DELGADO, OMAR HERNANDO | D28: Producción - Electricidad | E28: OK | F28: T2 | G28: L5 | H28: PAVONI | I28: 46153
A29: 27 | B29: CGG | C29: GARCIA GUERRA, CARLOS (Paternidad) | D29: Producción/baja | E29: OK | F29: T2 | G29: L5
A30: 28 | B30: MVN | C30: VILLA NICOLAS, MARIANO | D30: Producción/baja | E30: OK | F30: T2 | G30: L5

Sheet BOX
A1: Producción - Electricidad - T1 | B1: ID Operario | C1: Producción - Electricidad T2 | D1: Producción - T1 | E1: Producción - T2 | F1: Total operarios | J1: Categoría | K1: Cantidad
A2: {=SUMPRODUCT((D5:D199="BOX-ELEC")*(E5:E199="OK")*(F5:F199="T1")*(1+ISNUMBER(H5:H199)*((0.2+0.3*(IFERROR((TODAY()-_xlfn.SINGLE(H5:H199))/30.44,0)>3)+0.25*(IFERROR((TODAY()-_xlfn.SINGLE(H5:H199))/30.44,0)>6)+0.25*(IFERROR((TODAY()-_xlfn.SINGLE(H5:H199))/30.44,0)>9))-1)))} -> 0 | C2: {=SUMPRODUCT((D5:D199="BOX-ELEC")*(E5:E199="OK")*(F5:F199="T2")*(1+ISNUMBER(H5:H199)*((0.2+0.3*(IFERROR((TODAY()-_xlfn.SINGLE(H5:H199))/30.44,0)>3)+0.25*(IFERROR((TODAY()-_xlfn.SINGLE(H5:H199))/30.44,0)>6)+0.25*(IFERROR((TODAY()-_xlfn.SINGLE(H5:H199))/30.44,0)>9))-1)))} -> 2 | D2: {=SUMPRODUCT((D5:D199="BOX")*(E5:E199="OK")*(F5:F199="T1")*(1+ISNUMBER(H5:H199)*((0.2+0.3*(IFERROR((TODAY()-_xlfn.SINGLE(H5:H199))/30.44,0)>3)+0.25*(IFERROR((TODAY()-_xlfn.SINGLE(H5:H199))/30.44,0)>6)+0.25*(IFERROR((TODAY()-_xlfn.SINGLE(H5:H199))/30.44,0)>9))-1)))} -> 0 | E2: {=SUMPRODUCT((D5:D199="BOX")*(E5:E199="OK")*(F5:F199="T2")*(1+ISNUMBER(H5:H199)*((0.2+0.3*(IFERROR((TODAY()-_xlfn.SINGLE(H5:H199))/30.44,0)>3)+0.25*(IFERROR((TODAY()-_xlfn.SINGLE(H5:H199))/30.44,0)>6)+0.25*(IFERROR((TODAY()-_xlfn.SINGLE(H5:H199))/30.44,0)>9))-1)))} -> 1 | F2: =SUM(A2:E2) -> 3 | J2: Elec-T1 | K2: =A2 -> 0
J3: Elec-T2 | K3: =C2 -> 2
A4: Cantidad | B4: ID Operario | C4: Nombre | D4: Departamento | E4: Estado | F4: Turno | G4: Linea | H4: ETT | I4: Fecha | J4: Prod-T1 | K4: =D2 -> 0
B5: MMP | C5: MONROY PRIETO, MARCOS | D5: BOX-ELEC | E5: OK | F5: Baja | G5: BOX1 | J5: Prod-T2 | K5: =E2 -> 1
A6: 1 | B6: LMA | C6: MORENO ARENAS, LUIS | D6: BOX-ELEC | E6: OK | F6: T2 | G6: BOX1
A7: 2 | B7: LBH | C7: BELLON HERNANDEZ, LUIS | D7: BOX | E7: OK | F7: T2 | G7: BOX1
A8: 3 | B8: AST | C8: SÁNCHEZ TORREJÓN, AARÓN L5 | D8: BOX-ELEC | E8: OK | F8: T2 | G8: BOX1 | I8: 46125
A35: Cantidad | B35: ID Operario | C35: Nombre | D35: Departamento | E35: Estado | F35: Turno | G35: Linea | H35: ETT
C36: MONROY PRIETO, MARCOS | D36: Producción | E36: BAJA | F36: Baja | G36: BOX1
A37: 1 | B37: LMA | C37: MORENO ARENAS, LUIS | D37: Producción | E37: OK | F37: T2 | G37: BOX1
A38: 2 | B38: LBH | C38: BELLON HERNANDEZ, LUIS | D38: Producción | E38: OK | F38: T2 | G38: BOX1
A39: 3 | B39: AST | C39: SÁNCHEZ TORREJÓN, AARÓN | D39: Producción | E39: OK | F39: T2 | G39: BOX1 | H39: 46125

Sheet Cuadros
A1: Cuadros - Electricidad - T1 | B1: ID Operario | C1: Cuadors - Electricidad T2 | D1: Cuadros-Electricidad - T3 | F1: Total operarios | J1: Categoría | K1: Cantidad
A2: {=SUMPRODUCT((D5:D199="Cuadros")*(E5:E199="OK")*(F5:F199="T1")*(1+ISNUMBER(H5:H199)*((0.2+0.3*(IFERROR((TODAY()-_xlfn.SINGLE(H5:H199))/30.44,0)>3)+0.25*(IFERROR((TODAY()-_xlfn.SINGLE(H5:H199))/30.44,0)>6)+0.25*(IFERROR((TODAY()-_xlfn.SINGLE(H5:H199))/30.44,0)>9))-1)))} -> 8 | C2: {=SUMPRODUCT((D5:D199="Cuadros")*(E5:E199="OK")*(F5:F199="T2")*(1+ISNUMBER(H5:H199)*((0.2+0.3*(IFERROR((TODAY()-_xlfn.SINGLE(H5:H199))/30.44,0)>3)+0.25*(IFERROR((TODAY()-_xlfn.SINGLE(H5:H199))/30.44,0)>6)+0.25*(IFERROR((TODAY()-_xlfn.SINGLE(H5:H199))/30.44,0)>9))-1)))} -> 7 | D2: {=SUMPRODUCT((D5:D199="Cuadros")*(E5:E199="OK")*(F5:F199="T3")*(1+ISNUMBER(H5:H199)*((0.2+0.3*(IFERROR((TODAY()-_xlfn.SINGLE(H5:H199))/30.44,0)>3)+0.25*(IFERROR((TODAY()-_xlfn.SINGLE(H5:H199))/30.44,0)>6)+0.25*(IFERROR((TODAY()-_xlfn.SINGLE(H5:H199))/30.44,0)>9))-1)))} -> 0 | E2: =SUMPRODUCT((D5:D199="Producción")*(E5:E199="OK")*(F5:F199="T2")*(1+ISNUMBER(H5:H199)*((0.2+0.3*(IFERROR((TODAY()-H5:H199)/30.44,0)>3)+0.25*(IFERROR((TODAY()-H5:H199)/30.44,0)>6)+0.25*(IFERROR((TODAY()-H5:H199)/30.44,0)>9))-1))) -> 0 | F2: =SUM(A2:E2) -> 15 | J2: Cuadros-T1 | K2: =A2 -> 8
J3: Cuadros-T2 | K3: =C2 -> 7
A4: Cantidad | B4: ID Operario | C4: Nombre | D4: Departamento | E4: Estado | F4: Turno | G4: Linea | H4: ETT | I4: Fecha | J4: Cuadros-T3 | K4: =D2 -> 0
A5: 1 | B5: JMRT | C5: RODRÍGUEZ TALAVERA, JUAN MANUEL | D5: Cuadros | E5: OK | F5: T1 | K5: =E2 -> 0
A6: á | B6: LECR | C6: CASAS RAMÍREZ, LUIS ENRIQUE | D6: Cuadros | E6: OK | F6: T1
A7: 3 | B7: JLVH | C7: VEGA HERNÁNDEZ, JOSE LUIS | D7: Cuadros | E7: OK | F7: T1
A8: 4 | B8: MDSP | C8: DE SOUSA PEREIRA, MARIA ISABEL | D8: Cuadros | E8: OK | F8: T1
A9: 5 | B9: AAA | C9: AYALA ARROYO,ALBA | D9: Cuadros | E9: OK | F9: T1
A10: 6 | B10: LTG | C10: TRIVIÑO GUERRERO, LUCÍA | D10: Cuadros | E10: OK | F10: T1 | H10: PAVONI
A11: 7 | B11: ACVA | C11: VALLDIVIESO ANTON, ANA CELIA | D11: Cuadros | E11: OK | F11: T1 | H11: PAVONI
A12: 8 | B12: FJSM | C12: SELLES DE MANUEL, FRANCISCO JAVIER | D12: Cuadros | E12: OK | F12: T1 | I12: 8
A13: 9 | B13: JRE | C13: ROMERO ENAMORADO, JORGE | D13: Cuadros | E13: OK | F13: T2
A14: 10 | B14: ALPL | C14: PALOMO LOPEZ, ALFREDO | D14: Cuadros | E14: OK | F14: T2
A15: 11 | B15: LSN | C15: SARTI NAVARRO, LIDIA | D15: Cuadros | E15: OK | F15: T2
A16: 12 | B16: ISB | C16: SOLERA RISCO, IARA | D16: Cuadros | E16: OK | F16: T2 | H16: PAVONI
A17: 13 | B17: JLMR | C17: MORENO RISCO, JUAN LUIS | D17: Cuadros | E17: OK | F17: T2 | H17: SI | I17: 45986
A18: 14 | B18: JFEA | C18: ESTRADA ACEVEDO, JHON FERNANDO | D18: Cuadros | E18: OK | F18: T2 | H18: SI | I18: 46174
A19: 15 | C19: KASMI, FAYSAL No se incorpora aun | D19: Cuadros | E19: OK | F19: T2 | H19: SI | I19: 46174

Sheet Jefes 
B2: Nombre | C2: Departamento
B3: Carmelo Valero Perez | C3: Producción - Electricidad | AJ3: S | AK3: S
B4: Federico Martin Cid | C4: Producción - Electricidad | AB4: S | AM4: S
B5: Gregorio Martinez | C5: Producción - Mecanizado | AK5: S | AL5: 1 | AM5: S
B6: Luís Lama | C6: Producción
B7: Pedro Corchado | C7: Producción | AJ7: S | AK7: S
B8: Pedro Escudero | C8: Producción - Test Final
B9: Raul Bowen Oliver | C9: Producción | AE9: S | AF9: S
B10: Sonia García | C10: Producción - Baterías | AJ10: S | AK10: S
B11: Olga | C11: Produccion - Planificacion
B17: Westley Chamorro Garcia | C17: Producción - Electricidad | D17: =IF(COUNTBLANK((E17:BI17))=54,"Check",IF(COUNTBLANK(E17:BI17)=57,"Falta pedir","Ok")) -> Ok | M17: S | AM17: S
